phase,fold,epoch,loss,accuracy
1.0,1.0,1.0,2.303037405014038,0.05560337620678338
1.0,1.0,2.0,2.3099148273468018,0.08322922880771076
1.0,1.0,3.0,2.2954044342041016,0.022598870056497175
1.0,1.0,4.0,2.2907464504241943,0.0959150199172069
1.0,1.0,5.0,2.28774094581604,0.15280162398806466
1.0,1.0,6.0,2.274355411529541,0.29093147906707223
1.0,1.0,7.0,2.270988941192627,0.1874709205716185
1.0,1.0,8.0,2.25937819480896,0.2805774595405702
1.0,1.0,9.0,2.2574169635772705,0.28281972265023114
1.0,1.0,10.0,2.2588467597961426,0.20438036539731455
1.0,1.0,11.0,2.2377917766571045,0.24574926015603984
1.0,1.0,12.0,2.2211599349975586,0.2897184736167787
1.0,1.0,13.0,2.2208423614501953,0.20964797913950453
1.0,1.0,14.0,2.174666166305542,0.3304435898653247
1.0,1.0,15.0,2.164196014404297,0.29300304215558454
1.0,1.0,16.0,2.1514313220977783,0.34428144139011535
1.0,1.0,17.0,2.124478340148926,0.2853831667390989
1.0,1.0,18.0,2.069791316986084,0.45505577285238297
1.0,1.0,19.0,2.045222759246826,0.4168577351528498
1.0,1.0,20.0,2.071913719177246,0.4402477045206751
1.0,2.0,1.0,2.025946855545044,0.5934476291405504
1.0,2.0,2.0,2.006258726119995,0.5729389254812984
1.0,2.0,3.0,1.991626501083374,0.5720194357309328
1.0,2.0,4.0,1.9819486141204834,0.6525795241647684
1.0,2.0,5.0,1.9528805017471313,0.5696140018173917
1.0,2.0,6.0,1.94857919216156,0.5821543804594652
1.0,2.0,7.0,1.915215015411377,0.587005649717514
1.0,2.0,8.0,1.959061622619629,0.648978375673291
1.0,2.0,9.0,1.90055251121521,0.7081164515112671
1.0,2.0,10.0,1.9361339807510376,0.60321994389791
1.0,2.0,11.0,1.8861727714538574,0.6859677046117724
1.0,2.0,12.0,1.924245834350586,0.6157667108564415
1.0,2.0,13.0,1.918512225151062,0.540224564402032
1.0,2.0,14.0,1.863321304321289,0.6763732113682264
1.0,2.0,15.0,1.9033291339874268,0.6043699708953946
1.0,2.0,16.0,1.8578821420669556,0.7125235017558049
1.0,2.0,17.0,1.8415664434432983,0.6565915063055221
1.0,2.0,18.0,1.8709368705749512,0.623316593209546
1.0,2.0,19.0,1.8092478513717651,0.6914598196751736
1.0,2.0,20.0,1.826930284500122,0.6833839141914914
1.0,3.0,1.0,1.7666840553283691,0.7006692385818165
1.0,3.0,2.0,1.7554101943969727,0.7710311345904567
1.0,3.0,3.0,1.7852578163146973,0.6269474405067625
1.0,3.0,4.0,1.7789474725723267,0.6621175434734756
1.0,3.0,5.0,1.7969082593917847,0.6543664245359161
1.0,3.0,6.0,1.7647327184677124,0.7178222907036466
1.0,3.0,7.0,1.715577483177185,0.8526193641133718
1.0,3.0,8.0,1.7873272895812988,0.6966481036061767
1.0,3.0,9.0,1.718487024307251,0.7055726304794888
1.0,3.0,10.0,1.7265697717666626,0.7583133715735908
1.0,3.0,11.0,1.721916675567627,0.7752720497276303
1.0,3.0,12.0,1.7500927448272705,0.7973805855161787
1.0,3.0,13.0,1.7686251401901245,0.6558777503508528
1.0,3.0,14.0,1.719626784324646,0.7772494925037298
1.0,3.0,15.0,1.7932559251785278,0.6689196322559392
1.0,3.0,16.0,1.7244235277175903,0.7625406608457455
1.0,3.0,17.0,1.699019193649292,0.8077916751417986
1.0,3.0,18.0,1.6955626010894775,0.7208038071552791
1.0,3.0,19.0,1.704492449760437,0.6681553950064208
1.0,3.0,20.0,1.711979866027832,0.6906622815186597
1.0,4.0,1.0,1.7315902709960938,0.8627324792539676
1.0,4.0,2.0,1.6819792985916138,0.8823318428717334
1.0,4.0,3.0,1.719081163406372,0.8470385546656731
1.0,4.0,4.0,1.6666632890701294,0.8792779171642582
1.0,4.0,5.0,1.7096476554870605,0.8346045197740112
1.0,4.0,6.0,1.7245022058486938,0.8023809523809523
1.0,4.0,7.0,1.7523092031478882,0.822317691229377
1.0,4.0,8.0,1.7071008682250977,0.8159023475809958
1.0,4.0,9.0,1.635534644126892,0.8268361581920904
1.0,4.0,10.0,1.7179930210113525,0.7301049233252623
1.0,4.0,11.0,1.6851609945297241,0.8138014527845036
1.0,4.0,12.0,1.67634117603302,0.8120961676374384
1.0,4.0,13.0,1.6649585962295532,0.7997578692493947
1.0,4.0,14.0,1.6589962244033813,0.8293226547463836
1.0,4.0,15.0,1.6995697021484375,0.7690167592460714
1.0,4.0,16.0,1.7233749628067017,0.7437180521926284
1.0,4.0,17.0,1.6471538543701172,0.8472222222222223
1.0,4.0,18.0,1.6855424642562866,0.7915316322095983
1.0,4.0,19.0,1.6268091201782227,0.8766594698487807
1.0,4.0,20.0,1.7031276226043701,0.7951234017246507
1.0,5.0,1.0,1.7236406803131104,0.782258892667775
1.0,5.0,2.0,1.69723641872406,0.8115554267684085
1.0,5.0,3.0,1.7171748876571655,0.8374247400109469
1.0,5.0,4.0,1.6872949600219727,0.8635503104062943
1.0,5.0,5.0,1.7709016799926758,0.7005150022391401
1.0,5.0,6.0,1.6528040170669556,0.8940909191042639
1.0,5.0,7.0,1.7060827016830444,0.7962788394837076
1.0,5.0,8.0,1.6857333183288574,0.8241984271022382
1.0,5.0,9.0,1.713032603263855,0.7487198062248772
1.0,5.0,10.0,1.6630221605300903,0.8206561637596119
1.0,5.0,11.0,1.6673493385314941,0.8412215460897001
1.0,5.0,12.0,1.6951606273651123,0.7376212135847023
1.0,5.0,13.0,1.6715987920761108,0.8287291928265559
1.0,5.0,14.0,1.671183466911316,0.8250787751801951
1.0,5.0,15.0,1.6511030197143555,0.7546735099473436
1.0,5.0,16.0,1.695225477218628,0.7936981600774703
1.0,5.0,17.0,1.629929780960083,0.8656714932577001
1.0,5.0,18.0,1.688458800315857,0.8426700163649026
1.0,5.0,19.0,1.6935112476348877,0.7576773238030845
1.0,5.0,20.0,1.5938620567321777,0.9116728212062897
2.0,1.0,1.0,2.926924228668213,0.13312029792760016
2.0,1.0,2.0,2.860848903656006,0.2547647129027049
2.0,1.0,3.0,2.782304048538208,0.36531885853158963
2.0,1.0,4.0,2.723012924194336,0.4473117945930601
2.0,1.0,5.0,2.6400644779205322,0.5013549598467777
2.0,1.0,6.0,2.6209867000579834,0.45363347703280577
2.0,1.0,7.0,2.5750174522399902,0.4445637983700267
2.0,1.0,8.0,2.590371608734131,0.3967029345674921
2.0,1.0,9.0,2.530073404312134,0.43974948542422587
2.0,1.0,10.0,2.562161445617676,0.39476886121070104
2.0,1.0,11.0,2.5341763496398926,0.3829668464122245
2.0,1.0,12.0,2.559202194213867,0.4530767862700635
2.0,1.0,13.0,2.5318386554718018,0.4580415639307349
2.0,1.0,14.0,2.557826519012451,0.4660605474103508
2.0,1.0,15.0,2.491297960281372,0.5019347105357981
2.0,1.0,16.0,2.472609519958496,0.4829005014867595
2.0,1.0,17.0,2.4734222888946533,0.4635051922867049
2.0,1.0,18.0,2.475318431854248,0.46357405433035676
2.0,1.0,19.0,2.5113017559051514,0.4245542583777878
2.0,1.0,20.0,2.494065523147583,0.43785732310200925
2.0,2.0,1.0,2.4478530883789062,0.583542026436243
2.0,2.0,2.0,2.4390692710876465,0.6192719512047243
2.0,2.0,3.0,2.396273374557495,0.6517119113913868
2.0,2.0,4.0,2.409893751144409,0.6361253194545335
2.0,2.0,5.0,2.4467103481292725,0.6488214129965567
2.0,2.0,6.0,2.4287893772125244,0.625439852054182
2.0,2.0,7.0,2.4050049781799316,0.6711943339619797
2.0,2.0,8.0,2.412606716156006,0.6837259050061818
2.0,2.0,9.0,2.401343822479248,0.660042906797336
2.0,2.0,10.0,2.373145341873169,0.6717081608455804
2.0,2.0,11.0,2.342623233795166,0.7135362769816552
2.0,2.0,12.0,2.369969367980957,0.6576469633224842
2.0,2.0,13.0,2.3691940307617188,0.6862145029769975
2.0,2.0,14.0,2.4066028594970703,0.6263056737846654
2.0,2.0,15.0,2.360556125640869,0.6888102928571748
2.0,2.0,16.0,2.3494081497192383,0.6587514355804024
2.0,2.0,17.0,2.3659658432006836,0.6904444295200598
2.0,2.0,18.0,2.3718338012695312,0.652583104730775
2.0,2.0,19.0,2.3717496395111084,0.6398547517183207
2.0,2.0,20.0,2.365699052810669,0.6697485713056647
2.0,3.0,1.0,2.3062193393707275,0.7321467981131847
2.0,3.0,2.0,2.330064296722412,0.7355542683273777
2.0,3.0,3.0,2.3466570377349854,0.6816267495834057
2.0,3.0,4.0,2.333388328552246,0.7234707073560261
2.0,3.0,5.0,2.3585894107818604,0.6650379071717886
2.0,3.0,6.0,2.3336238861083984,0.7375932191058242
2.0,3.0,7.0,2.3562698364257812,0.698106389567742
2.0,3.0,8.0,2.398935079574585,0.6377639044821707
2.0,3.0,9.0,2.3478662967681885,0.7087014051949898
2.0,3.0,10.0,2.3068764209747314,0.7315114415291328
2.0,3.0,11.0,2.3242290019989014,0.6793371777317274
2.0,3.0,12.0,2.3316285610198975,0.7597326073111125
2.0,3.0,13.0,2.370962619781494,0.6906288855868687
2.0,3.0,14.0,2.3327879905700684,0.7138761098845132
2.0,3.0,15.0,2.315593957901001,0.7512968357506171
2.0,3.0,16.0,2.3470160961151123,0.6212213227537003
2.0,3.0,17.0,2.3661110401153564,0.6781660916114698
2.0,3.0,18.0,2.355771064758301,0.7073609808656769
2.0,3.0,19.0,2.325364112854004,0.6942402651159838
2.0,3.0,20.0,2.365581512451172,0.6872138639459189
2.0,4.0,1.0,2.3033313751220703,0.754549082978721
2.0,4.0,2.0,2.3075265884399414,0.7576120191666411
2.0,4.0,3.0,2.29974627494812,0.7605576361326031
2.0,4.0,4.0,2.2917845249176025,0.737758922732386
2.0,4.0,5.0,2.3022382259368896,0.7452560388650615
2.0,4.0,6.0,2.320882797241211,0.72660839462619
2.0,4.0,7.0,2.294387102127075,0.7188061704868429
2.0,4.0,8.0,2.2641496658325195,0.7566051595463361
2.0,4.0,9.0,2.2959377765655518,0.7364857634870905
2.0,4.0,10.0,2.275142192840576,0.7451735070611413
2.0,4.0,11.0,2.232280731201172,0.806516312385657
2.0,4.0,12.0,2.3047354221343994,0.7081759400592816
2.0,4.0,13.0,2.3027613162994385,0.6766241777116716
2.0,4.0,14.0,2.289496421813965,0.7299615389827947
2.0,4.0,15.0,2.3178021907806396,0.7509741626821128
2.0,4.0,16.0,2.2720298767089844,0.7868097465230436
2.0,4.0,17.0,2.276498556137085,0.7808797091909717
2.0,4.0,18.0,2.256894826889038,0.7673902157180271
2.0,4.0,19.0,2.2793009281158447,0.7470083755427305
2.0,4.0,20.0,2.2844181060791016,0.7028389458795058
2.0,5.0,1.0,2.3155899047851562,0.762119613250835
2.0,5.0,2.0,2.34603214263916,0.6829067655990733
2.0,5.0,3.0,2.3298938274383545,0.7198484354592952
2.0,5.0,4.0,2.3418128490448,0.6618126343239465
2.0,5.0,5.0,2.267324447631836,0.721116942457341
2.0,5.0,6.0,2.275789260864258,0.7687696800977739
2.0,5.0,7.0,2.2842838764190674,0.7397063218330185
2.0,5.0,8.0,2.258720636367798,0.7654834463399995
2.0,5.0,9.0,2.2518577575683594,0.7807774733888094
2.0,5.0,10.0,2.266922950744629,0.7552915503637898
2.0,5.0,11.0,2.2680554389953613,0.7412656207924923
2.0,5.0,12.0,2.2728586196899414,0.7478362233264194
2.0,5.0,13.0,2.2612431049346924,0.7900144406177587
2.0,5.0,14.0,2.292520523071289,0.7122286545363469
2.0,5.0,15.0,2.2764856815338135,0.7303939840277857
2.0,5.0,16.0,2.252467393875122,0.7612531708248942
2.0,5.0,17.0,2.3075897693634033,0.7249388118166398
2.0,5.0,18.0,2.2822062969207764,0.7795488141264914
2.0,5.0,19.0,2.2751848697662354,0.7745336153707194
2.0,5.0,20.0,2.2915456295013428,0.7288957034074919
3.0,1.0,1.0,3.3599820137023926,0.04920324947729716
3.0,1.0,2.0,3.2373729944229126,0.16874283674034643
3.0,1.0,3.0,3.13113534450531,0.3638167712993932
3.0,1.0,4.0,3.0358911752700806,0.33831128664241683
3.0,1.0,5.0,2.9800689220428467,0.41452800570795506
3.0,1.0,6.0,2.9642624855041504,0.2967564894531187
3.0,1.0,7.0,2.952371597290039,0.4146179461281907
3.0,1.0,8.0,2.916635751724243,0.47630795740055715
3.0,1.0,9.0,2.938371419906616,0.42126986621368645
3.0,1.0,10.0,2.905124068260193,0.3797524989665928
3.0,1.0,11.0,2.8838675022125244,0.463187377029691
3.0,1.0,12.0,2.8702696561813354,0.43193646791630935
3.0,1.0,13.0,2.8368401527404785,0.4740292868804105
3.0,1.0,14.0,2.8549968004226685,0.49489194436319345
3.0,1.0,15.0,2.820321559906006,0.5184035082467962
3.0,1.0,16.0,2.8569934368133545,0.5025461393273687
3.0,1.0,17.0,2.833667039871216,0.592007752367529
3.0,1.0,18.0,2.8418281078338623,0.5316385971376059
3.0,1.0,19.0,2.8212424516677856,0.5695041977923669
3.0,1.0,20.0,2.806238293647766,0.5420793937647871
3.0,2.0,1.0,2.764463424682617,0.6444533380257108
3.0,2.0,2.0,2.7284953594207764,0.6603734797083328
3.0,2.0,3.0,2.7514290809631348,0.6302089669672071
3.0,2.0,4.0,2.7593716382980347,0.5884236082269791
3.0,2.0,5.0,2.71824312210083,0.6895968539061732
3.0,2.0,6.0,2.7306268215179443,0.6536480631131338
3.0,2.0,7.0,2.710288166999817,0.6785478566377443
3.0,2.0,8.0,2.7530033588409424,0.6121395507705384
3.0,2.0,9.0,2.688542604446411,0.670374431693004
3.0,2.0,10.0,2.710889220237732,0.6234641177748282
3.0,2.0,11.0,2.7163366079330444,0.6235563401128503
3.0,2.0,12.0,2.7040258646011353,0.6706117540387203
3.0,2.0,13.0,2.6981719732284546,0.6923034929283408
3.0,2.0,14.0,2.7226327657699585,0.632044959404336
3.0,2.0,15.0,2.7124929428100586,0.6758186672790805
3.0,2.0,16.0,2.7405577898025513,0.5837964878799575
3.0,2.0,17.0,2.7288604974746704,0.6542856215861225
3.0,2.0,18.0,2.7570888996124268,0.6162319743119479
3.0,2.0,19.0,2.722796082496643,0.654875617516067
3.0,2.0,20.0,2.731392979621887,0.6155402602337141
3.0,3.0,1.0,2.71490216255188,0.6962694474708583
3.0,3.0,2.0,2.6881643533706665,0.7444880264774515
3.0,3.0,3.0,2.6816166639328003,0.7193594857023442
3.0,3.0,4.0,2.6928330659866333,0.6975237982334375
3.0,3.0,5.0,2.6729437112808228,0.7375338792856084
3.0,3.0,6.0,2.730368137359619,0.6184037870309482
3.0,3.0,7.0,2.716387987136841,0.696713189872476
3.0,3.0,8.0,2.685411810874939,0.7251324616640998
3.0,3.0,9.0,2.7220537662506104,0.6779543462223394
3.0,3.0,10.0,2.6812936067581177,0.734008126704756
3.0,3.0,11.0,2.677489161491394,0.7041022024168092
3.0,3.0,12.0,2.6969600915908813,0.6699638836096553
3.0,3.0,13.0,2.7302756309509277,0.6800114679328162
3.0,3.0,14.0,2.7095190286636353,0.7294851803113533
3.0,3.0,15.0,2.6800731420516968,0.7161107504813312
3.0,3.0,16.0,2.667061924934387,0.7352200963080587
3.0,3.0,17.0,2.666569471359253,0.7818897445902003
3.0,3.0,18.0,2.69821560382843,0.6920812319379808
3.0,3.0,19.0,2.7089040279388428,0.6526395183107188
3.0,3.0,20.0,2.6987204551696777,0.6976759195860319
3.0,4.0,1.0,2.727009654045105,0.6412087367484335
3.0,4.0,2.0,2.672563672065735,0.7444342710845833
3.0,4.0,3.0,2.6689523458480835,0.7498584330505236
3.0,4.0,4.0,2.687840223312378,0.7218254510768273
3.0,4.0,5.0,2.7272422313690186,0.6798019121646066
3.0,4.0,6.0,2.6841055154800415,0.7128744137218712
3.0,4.0,7.0,2.687041163444519,0.746486732129803
3.0,4.0,8.0,2.667941093444824,0.7903528633415061
3.0,4.0,9.0,2.659473180770874,0.748433182108472
3.0,4.0,10.0,2.7040358781814575,0.7253819257807294
3.0,4.0,11.0,2.7177681922912598,0.73156280040627
3.0,4.0,12.0,2.6907384395599365,0.7532321045585599
3.0,4.0,13.0,2.6612874269485474,0.7355772177307571
3.0,4.0,14.0,2.69221031665802,0.718672907269988
3.0,4.0,15.0,2.7199186086654663,0.6755038179506193
3.0,4.0,16.0,2.6991829872131348,0.7618906546820174
3.0,4.0,17.0,2.7167493104934692,0.7206374844460586
3.0,4.0,18.0,2.6870250701904297,0.7484800823783875
3.0,4.0,19.0,2.676895260810852,0.7603504718370645
3.0,4.0,20.0,2.6910475492477417,0.7700075818719887
3.0,5.0,1.0,2.699281692504883,0.766629501659577
3.0,5.0,2.0,2.7134305238723755,0.6890112874986825
3.0,5.0,3.0,2.6958255767822266,0.6887656862278712
3.0,5.0,4.0,2.697653293609619,0.6761173863730254
3.0,5.0,5.0,2.6868151426315308,0.7208141566036304
3.0,5.0,6.0,2.698294997215271,0.7107429573227892
3.0,5.0,7.0,2.67073655128479,0.7538401039228106
3.0,5.0,8.0,2.717045307159424,0.6700363220739162
3.0,5.0,9.0,2.6961106061935425,0.6979623258946567
3.0,5.0,10.0,2.7217477560043335,0.687337275923742
3.0,5.0,11.0,2.6993707418441772,0.704038961038961
3.0,5.0,12.0,2.6973031759262085,0.7384579043738707
3.0,5.0,13.0,2.7142566442489624,0.7071439062190941
3.0,5.0,14.0,2.7242292165756226,0.6834006942980848
3.0,5.0,15.0,2.718025803565979,0.645729763233965
3.0,5.0,16.0,2.712026000022888,0.6978645481502624
3.0,5.0,17.0,2.7273671627044678,0.7086205969567314
3.0,5.0,18.0,2.710427761077881,0.734454663033168
3.0,5.0,19.0,2.754677891731262,0.63237234120737
3.0,5.0,20.0,2.710890531539917,0.6944967407647638
4.0,1.0,1.0,3.5470293760299683,0.06293231245864973
4.0,1.0,2.0,3.4063750505447388,0.18284126560801
4.0,1.0,3.0,3.3284552097320557,0.33365821203471924
4.0,1.0,4.0,3.2663252353668213,0.35427630106874636
4.0,1.0,5.0,3.232673406600952,0.3832227214058934
4.0,1.0,6.0,3.2118829488754272,0.4320164290517388
4.0,1.0,7.0,3.1896755695343018,0.42149754770752534
4.0,1.0,8.0,3.207176685333252,0.38416373519638014
4.0,1.0,9.0,3.1948201656341553,0.34910977855877334
4.0,1.0,10.0,3.1534554958343506,0.39766327880918156
4.0,1.0,11.0,3.167253255844116,0.39087250800520384
4.0,1.0,12.0,3.153915524482727,0.37294891994308066
4.0,1.0,13.0,3.1436214447021484,0.4552762000924011
4.0,1.0,14.0,3.1377447843551636,0.4304114882111904
4.0,1.0,15.0,3.1361000537872314,0.41691748173505433
4.0,1.0,16.0,3.148122549057007,0.3988632089897912
4.0,1.0,17.0,3.145687699317932,0.4594308698592117
4.0,1.0,18.0,3.1069265604019165,0.4775598421657911
4.0,1.0,19.0,3.1251773834228516,0.4488311802935387
4.0,1.0,20.0,3.1573203802108765,0.4334653550392078
4.0,2.0,1.0,3.0454602241516113,0.4897946776204408
4.0,2.0,2.0,3.0442229509353638,0.5856969059775032
4.0,2.0,3.0,3.025499105453491,0.5690499664185261
4.0,2.0,4.0,3.043280243873596,0.5420679271523805
4.0,2.0,5.0,3.058904767036438,0.5759912510869238
4.0,2.0,6.0,3.0607539415359497,0.5353251540616827
4.0,2.0,7.0,3.015517830848694,0.6045016397996764
4.0,2.0,8.0,3.0411157608032227,0.5617478281593679
4.0,2.0,9.0,3.060438632965088,0.5376016297323661
4.0,2.0,10.0,3.0320818424224854,0.6373423045612174
4.0,2.0,11.0,3.0438345670700073,0.5587693107346672
4.0,2.0,12.0,3.059817910194397,0.5350203917590366
4.0,2.0,13.0,3.06887149810791,0.5356173587047682
4.0,2.0,14.0,3.0500357151031494,0.5813187192286974
4.0,2.0,15.0,3.049594283103943,0.575697177321386
4.0,2.0,16.0,3.0291069746017456,0.6111820875303756
4.0,2.0,17.0,3.0732946395874023,0.5423507093276267
4.0,2.0,18.0,3.03728711605072,0.5994191392781454
4.0,2.0,19.0,3.071775794029236,0.5921014187689345
4.0,2.0,20.0,3.0210143327713013,0.5984918832310893
4.0,3.0,1.0,3.0495773553848267,0.4923777840432767
4.0,3.0,2.0,3.0442270040512085,0.5878398947254879
4.0,3.0,3.0,3.012602686882019,0.5623637530354878
4.0,3.0,4.0,3.0375823974609375,0.5496454166194943
4.0,3.0,5.0,3.010677695274353,0.5984588988888591
4.0,3.0,6.0,3.028038501739502,0.5896088487912556
4.0,3.0,7.0,3.005862236022949,0.5955267930165605
4.0,3.0,8.0,3.0421875715255737,0.5800533229614406
4.0,3.0,9.0,3.034259796142578,0.5408958413884425
4.0,3.0,10.0,3.0488487482070923,0.5317615048364904
4.0,3.0,11.0,3.0650784969329834,0.5476226152093288
4.0,3.0,12.0,3.063269853591919,0.5520785918238299
4.0,3.0,13.0,3.085233688354492,0.5560933076124345
4.0,3.0,14.0,3.051374077796936,0.5917433970878899
4.0,3.0,15.0,3.044683337211609,0.6067768158272959
4.0,3.0,16.0,3.0666615962982178,0.6350387410162034
4.0,3.0,17.0,3.0487892627716064,0.5988251687850261
4.0,3.0,18.0,3.0455691814422607,0.587682690472077
4.0,3.0,19.0,3.0741149187088013,0.5640196446402828
4.0,3.0,20.0,3.0757869482040405,0.5727703688902328
4.0,4.0,1.0,3.0223679542541504,0.6040823865262738
4.0,4.0,2.0,2.9975240230560303,0.6280182055463657
4.0,4.0,3.0,3.0158674716949463,0.6560724592851446
4.0,4.0,4.0,3.0624077320098877,0.577339875247457
4.0,4.0,5.0,3.0386135578155518,0.6375274065386707
4.0,4.0,6.0,3.0212637186050415,0.6916048908019133
4.0,4.0,7.0,3.0627931356430054,0.6251771315895521
4.0,4.0,8.0,3.050318121910095,0.620856830556455
4.0,4.0,9.0,3.072653651237488,0.6266653232735836
4.0,4.0,10.0,3.0621962547302246,0.6113505628669319
4.0,4.0,11.0,3.086930513381958,0.619182118349828
4.0,4.0,12.0,3.0545812845230103,0.634691053627224
4.0,4.0,13.0,3.1117210388183594,0.5880629746527909
4.0,4.0,14.0,3.1324390172958374,0.5354268619639807
4.0,4.0,15.0,3.0894449949264526,0.594824309245697
4.0,4.0,16.0,3.105997920036316,0.5177542125574993
4.0,4.0,17.0,3.097387194633484,0.628959755670776
4.0,4.0,18.0,3.0962384939193726,0.5932185468543416
4.0,4.0,19.0,3.096978187561035,0.6021713758213331
4.0,4.0,20.0,3.1335500478744507,0.5540683674067796
4.0,5.0,1.0,2.9915761947631836,0.6924417390012868
4.0,5.0,2.0,2.987141728401184,0.7305163538986073
4.0,5.0,3.0,3.007509231567383,0.7140464887591478
4.0,5.0,4.0,3.0469629764556885,0.6531358548306687
4.0,5.0,5.0,3.018042802810669,0.7152796669691659
4.0,5.0,6.0,3.0379438400268555,0.6728103374883163
4.0,5.0,7.0,3.0227673053741455,0.6909828887486045
4.0,5.0,8.0,3.020709276199341,0.6753879462655158
4.0,5.0,9.0,3.0258313417434692,0.6955438175508201
4.0,5.0,10.0,3.0529128313064575,0.6595170157025824
4.0,5.0,11.0,3.0123605728149414,0.7200999205347522
4.0,5.0,12.0,3.0379931926727295,0.6698265611724468
4.0,5.0,13.0,3.0803260803222656,0.6085486594854246
4.0,5.0,14.0,3.0797101259231567,0.629382580108739
4.0,5.0,15.0,3.0800687074661255,0.6587422853879357
4.0,5.0,16.0,3.068767786026001,0.6471531043768252
4.0,5.0,17.0,3.0797107219696045,0.64012524172804
4.0,5.0,18.0,3.106104016304016,0.617290184668837
4.0,5.0,19.0,3.1074206829071045,0.6027456091833774
4.0,5.0,20.0,3.0861281156539917,0.6260980929229909
5.0,1.0,1.0,3.8206969102223716,0.05509416843813441
5.0,1.0,2.0,3.665440082550049,0.10988366336974369
5.0,1.0,3.0,3.545789957046509,0.19292369016076683
5.0,1.0,4.0,3.477411905924479,0.2406431265028661
5.0,1.0,5.0,3.4614380995432534,0.2816446014440155
5.0,1.0,6.0,3.41237735748291,0.29603889541500955
5.0,1.0,7.0,3.402642806371053,0.27937219832169324
5.0,1.0,8.0,3.396424134572347,0.32586877680320503
5.0,1.0,9.0,3.343640089035034,0.36772454601280885
5.0,1.0,10.0,3.3396193186442056,0.30447388660166597
5.0,1.0,11.0,3.364962418874105,0.3130686982804929
5.0,1.0,12.0,3.361582597096761,0.2824730450993077
5.0,1.0,13.0,3.366207758585612,0.2960525431488937
5.0,1.0,14.0,3.3437674045562744,0.2735512995882344
5.0,1.0,15.0,3.3185593287150064,0.29122014714194955
5.0,1.0,16.0,3.3520070711771646,0.2769694126002406
5.0,1.0,17.0,3.3431828022003174,0.30662176099241695
5.0,1.0,18.0,3.3555190563201904,0.31381180935469954
5.0,1.0,19.0,3.3741599718729653,0.29119663751242697
5.0,1.0,20.0,3.3725764751434326,0.3282978112324205
5.0,2.0,1.0,3.3555029233296714,0.31823771228186903
5.0,2.0,2.0,3.335543394088745,0.40324799073470907
5.0,2.0,3.0,3.323498805363973,0.4511086973958725
5.0,2.0,4.0,3.3180397351582847,0.3809615129699579
5.0,2.0,5.0,3.3282734553019204,0.3898659921535738
5.0,2.0,6.0,3.314772129058838,0.37389634750112105
5.0,2.0,7.0,3.3080198764801025,0.39869541395672276
5.0,2.0,8.0,3.3097827434539795,0.4035419021411486
5.0,2.0,9.0,3.2900144259134927,0.40442618071942377
5.0,2.0,10.0,3.279076099395752,0.34897293868400286
5.0,2.0,11.0,3.305509408315023,0.38593510938555814
5.0,2.0,12.0,3.2984999815622964,0.35565758703354766
5.0,2.0,13.0,3.3184223969777427,0.32350145578181455
5.0,2.0,14.0,3.3011321226755777,0.4218278259597742
5.0,2.0,15.0,3.3175460497538247,0.3390174348879042
5.0,2.0,16.0,3.2788608074188232,0.4014844231778225
5.0,2.0,17.0,3.2948935826619468,0.4215740463590481
5.0,2.0,18.0,3.2959769566853843,0.4335706804977372
5.0,2.0,19.0,3.3022099335988364,0.41142389756706294
5.0,2.0,20.0,3.3120020230611167,0.37948528269832227
5.0,3.0,1.0,3.318429152170817,0.3878161715121343
5.0,3.0,2.0,3.3211658000946045,0.4662793068711468
5.0,3.0,3.0,3.309666713078817,0.4490323121818024
5.0,3.0,4.0,3.284512201944987,0.4129053870848967
5.0,3.0,5.0,3.3035453955332437,0.4257245957764402
5.0,3.0,6.0,3.2825772762298584,0.41997338368209447
5.0,3.0,7.0,3.2934667269388833,0.39492024142320986
5.0,3.0,8.0,3.294222672780355,0.4005330220262791
5.0,3.0,9.0,3.272282838821411,0.45830572923458734
5.0,3.0,10.0,3.2937190532684326,0.38327675843750203
5.0,3.0,11.0,3.2991131941477456,0.35911527267459464
5.0,3.0,12.0,3.307293971379598,0.42802676493885483
5.0,3.0,13.0,3.28391965230306,0.38843536434762754
5.0,3.0,14.0,3.3202321529388428,0.33711852698484107
5.0,3.0,15.0,3.3067613442738852,0.40685794435865774
5.0,3.0,16.0,3.3252858320871987,0.41815012615856934
5.0,3.0,17.0,3.335629940032959,0.37540189642061655
5.0,3.0,18.0,3.3012134234110513,0.39538902906169526
5.0,3.0,19.0,3.3306491374969482,0.37604375144448426
5.0,3.0,20.0,3.3009047508239746,0.38009809647566856
5.0,4.0,1.0,3.2917420069376626,0.4043791324314657
5.0,4.0,2.0,3.302572011947632,0.4462410833702208
5.0,4.0,3.0,3.289024591445923,0.42263850577721057
5.0,4.0,4.0,3.2861670653025308,0.4720615281650221
5.0,4.0,5.0,3.2780871391296387,0.4659953469455673
5.0,4.0,6.0,3.276111284891764,0.4310310433185899
5.0,4.0,7.0,3.3094965616861978,0.39606725772139306
5.0,4.0,8.0,3.274934450785319,0.4534937425593688
5.0,4.0,9.0,3.296607176462809,0.4023806188382545
5.0,4.0,10.0,3.2888407707214355,0.37546737807025227
5.0,4.0,11.0,3.276315609614054,0.4150520240533157
5.0,4.0,12.0,3.286733786265055,0.45873598825875844
5.0,4.0,13.0,3.294527610143026,0.414477995539768
5.0,4.0,14.0,3.3100508054097495,0.4449381448991931
5.0,4.0,15.0,3.276562054951986,0.42410225156481546
5.0,4.0,16.0,3.2983383337656655,0.438454309192659
5.0,4.0,17.0,3.2786026000976562,0.4348292225092945
5.0,4.0,18.0,3.3077680269877114,0.42966877346939786
5.0,4.0,19.0,3.3311803340911865,0.3824346087323773
5.0,4.0,20.0,3.3420085112253823,0.3997506431375631
5.0,5.0,1.0,3.2691232363382974,0.43878072328451906
5.0,5.0,2.0,3.2724178632100425,0.49528493865904
5.0,5.0,3.0,3.2548511028289795,0.4857071297550068
5.0,5.0,4.0,3.238405227661133,0.5417603271000362
5.0,5.0,5.0,3.2653050422668457,0.5675613512640104
5.0,5.0,6.0,3.2277578512827554,0.5910583454907854
5.0,5.0,7.0,3.2638919353485107,0.5594549428399702
5.0,5.0,8.0,3.2566916147867837,0.5382880796039752
5.0,5.0,9.0,3.292968988418579,0.4589238677876873
5.0,5.0,10.0,3.269569238026937,0.4683871964855574
5.0,5.0,11.0,3.3017919063568115,0.49617237414932547
5.0,5.0,12.0,3.286569674809774,0.46664573740673837
5.0,5.0,13.0,3.2815499305725098,0.4848612585459821
5.0,5.0,14.0,3.2692435582478843,0.5194232955723581
5.0,5.0,15.0,3.266014814376831,0.49307021208713386
5.0,5.0,16.0,3.2940096060434976,0.5223601670699723
5.0,5.0,17.0,3.2891608079274497,0.48053723442522805
5.0,5.0,18.0,3.253462791442871,0.4758819594695798
5.0,5.0,19.0,3.285487254460653,0.5497937012825242
5.0,5.0,20.0,3.3136287530263266,0.5500169392597046
6.0,1.0,1.0,3.9944231510162354,0.09043653624860583
6.0,1.0,2.0,3.829627434412638,0.14891722542400143
6.0,1.0,3.0,3.7111388047536216,0.19204812209049554
6.0,1.0,4.0,3.6666192213694253,0.2618037011130751
6.0,1.0,5.0,3.6357507705688477,0.26061088979505664
6.0,1.0,6.0,3.5958229700724282,0.2800168557559177
6.0,1.0,7.0,3.581841230392456,0.27634776589269555
6.0,1.0,8.0,3.5824526151021323,0.3076109107482652
6.0,1.0,9.0,3.5426345666249595,0.31004457038877
6.0,1.0,10.0,3.567235231399536,0.2970602747554847
6.0,1.0,11.0,3.5439409414927163,0.2973903257926465
6.0,1.0,12.0,3.5347081820170083,0.32831318264274056
6.0,1.0,13.0,3.57120688756307,0.3000345041685417
6.0,1.0,14.0,3.536984125773112,0.31506722516416896
6.0,1.0,15.0,3.5463658968607583,0.28600970460473274
6.0,1.0,16.0,3.545555750528971,0.3341759340529075
6.0,1.0,17.0,3.5393805503845215,0.3668089258173444
6.0,1.0,18.0,3.533114194869995,0.30598614824754106
6.0,1.0,19.0,3.523946682612101,0.34758056005396376
6.0,1.0,20.0,3.5310048262278237,0.3133655043442488
6.0,2.0,1.0,3.451848347981771,0.45208804334811065
6.0,2.0,2.0,3.4741010665893555,0.43212413680834927
6.0,2.0,3.0,3.4855634371439614,0.4319132364982946
6.0,2.0,4.0,3.480507771174113,0.3882035405736527
6.0,2.0,5.0,3.4805635611216226,0.4050710699746784
6.0,2.0,6.0,3.478390693664551,0.40043842938124485
6.0,2.0,7.0,3.4697752793629966,0.4283191978932344
6.0,2.0,8.0,3.4763222535451255,0.4411944468374658
6.0,2.0,9.0,3.470673163731893,0.41258951787478987
6.0,2.0,10.0,3.4860446453094482,0.4179570900529872
6.0,2.0,11.0,3.490559736887614,0.41362432284860307
6.0,2.0,12.0,3.4715442657470703,0.4127000124615889
6.0,2.0,13.0,3.4726803302764893,0.41846071140071306
6.0,2.0,14.0,3.4787511825561523,0.36906397302883026
6.0,2.0,15.0,3.4749131997426352,0.43857054225319175
6.0,2.0,16.0,3.490891615549723,0.3968213374099493
6.0,2.0,17.0,3.5088001092274985,0.41932473856527747
6.0,2.0,18.0,3.5135462284088135,0.3960282666636146
6.0,2.0,19.0,3.524744669596354,0.38684885334365965
6.0,2.0,20.0,3.5191280841827393,0.40724296423677225
6.0,3.0,1.0,3.507618506749471,0.3981844453430492
6.0,3.0,2.0,3.4781426588694253,0.43255063402950716
6.0,3.0,3.0,3.484888474146525,0.42982571576867323
6.0,3.0,4.0,3.468441963195801,0.4140848757522809
6.0,3.0,5.0,3.4758541584014893,0.4264506094898979
6.0,3.0,6.0,3.4751969973246255,0.4069746406949678
6.0,3.0,7.0,3.4996650218963623,0.42854759967436024
6.0,3.0,8.0,3.508978764216105,0.40069245057136654
6.0,3.0,9.0,3.497630516688029,0.37308857183800204
6.0,3.0,10.0,3.4844085375467935,0.41024763899360556
6.0,3.0,11.0,3.504874308904012,0.3917381134453172
6.0,3.0,12.0,3.4908151626586914,0.41557699149420746
6.0,3.0,13.0,3.4956370989481607,0.4280978392303405
6.0,3.0,14.0,3.4884618123372397,0.4210612539065555
6.0,3.0,15.0,3.506364663441976,0.4279023980519912
6.0,3.0,16.0,3.5089492797851562,0.4277188153716896
6.0,3.0,17.0,3.5121408303578696,0.41461635986977285
6.0,3.0,18.0,3.517956813176473,0.39279189759485866
6.0,3.0,19.0,3.5141615867614746,0.43431222620700655
6.0,3.0,20.0,3.5151468912760415,0.41589462751120765
6.0,4.0,1.0,3.4356689453125,0.5100808873786851
6.0,4.0,2.0,3.4976302782694497,0.46299996774581753
6.0,4.0,3.0,3.48811944325765,0.46792074116953025
6.0,4.0,4.0,3.5188942750295005,0.44286513130682675
6.0,4.0,5.0,3.4836986859639487,0.4772144542773445
6.0,4.0,6.0,3.5105640093485513,0.47217761223869337
6.0,4.0,7.0,3.5442577997843423,0.4314203764261486
6.0,4.0,8.0,3.5436860720316568,0.4698741910293303
6.0,4.0,9.0,3.5544826984405518,0.4706207584664319
6.0,4.0,10.0,3.5183765093485513,0.4333690882035246
6.0,4.0,11.0,3.5615710417429605,0.40336142558046645
6.0,4.0,12.0,3.5600365002950034,0.470899114854316
6.0,4.0,13.0,3.5770002206166587,0.42027208262712273
6.0,4.0,14.0,3.546126921971639,0.47493581001577784
6.0,4.0,15.0,3.537294864654541,0.47264038623755245
6.0,4.0,16.0,3.569160302480062,0.49916479516246115
6.0,4.0,17.0,3.5535888671875,0.450531104079783
6.0,4.0,18.0,3.567812363306681,0.4463112881600838
6.0,4.0,19.0,3.559777021408081,0.4691643611366138
6.0,4.0,20.0,3.596147298812866,0.4156619595715465
6.0,5.0,1.0,3.4930597146352134,0.4627075831826964
6.0,5.0,2.0,3.488771120707194,0.5047603942400323
6.0,5.0,3.0,3.5153940518697104,0.4766846573864118
6.0,5.0,4.0,3.5280871391296387,0.48790576342947706
6.0,5.0,5.0,3.4936917622884116,0.5203382221299467
6.0,5.0,6.0,3.5121072133382163,0.530355017613428
6.0,5.0,7.0,3.52008048693339,0.4847226069164119
6.0,5.0,8.0,3.5122927824656167,0.466820301948231
6.0,5.0,9.0,3.5176207224527993,0.5391483307590064
6.0,5.0,10.0,3.4993735949198403,0.5116808357878623
6.0,5.0,11.0,3.519603967666626,0.45981666406767613
6.0,5.0,12.0,3.5152440071105957,0.46070313567204363
6.0,5.0,13.0,3.5304366747538247,0.4931881848052365
6.0,5.0,14.0,3.5070383548736572,0.532261870949483
6.0,5.0,15.0,3.4906187057495117,0.5199350996577848
6.0,5.0,16.0,3.532323201497396,0.5416069061143285
6.0,5.0,17.0,3.5435292720794678,0.4752487437977754
6.0,5.0,18.0,3.5495119094848633,0.4990312479533458
6.0,5.0,19.0,3.539790232976278,0.5085448130174962
6.0,5.0,20.0,3.5787022908528647,0.46653274451034804
7.0,1.0,1.0,4.168930470943451,0.023016519616893515
7.0,1.0,2.0,4.02656090259552,0.09110444179376787
7.0,1.0,3.0,3.892767906188965,0.18399336961075421
7.0,1.0,4.0,3.8025401830673218,0.2976233473665277
7.0,1.0,5.0,3.7614434957504272,0.3692810058745955
7.0,1.0,6.0,3.7754623889923096,0.3313530516038762
7.0,1.0,7.0,3.729540228843689,0.3683475530562002
7.0,1.0,8.0,3.743085026741028,0.34212209953720063
7.0,1.0,9.0,3.680399775505066,0.3829464051476658
7.0,1.0,10.0,3.728064179420471,0.3689113375628043
7.0,1.0,11.0,3.7151989936828613,0.3435986996356093
7.0,1.0,12.0,3.7192254066467285,0.3936829573558226
7.0,1.0,13.0,3.6757490038871765,0.4028270889781681
7.0,1.0,14.0,3.7221680283546448,0.33701399454135783
7.0,1.0,15.0,3.675984025001526,0.380175956780422
7.0,1.0,16.0,3.699619710445404,0.38541989305919333
7.0,1.0,17.0,3.697116792201996,0.40600469582116466
7.0,1.0,18.0,3.7252009510993958,0.3776106531239545
7.0,1.0,19.0,3.736942172050476,0.3434443916511287
7.0,1.0,20.0,3.749727427959442,0.35125345961561905
7.0,2.0,1.0,3.6472928524017334,0.38616278223481465
7.0,2.0,2.0,3.6444963216781616,0.42978081190277995
7.0,2.0,3.0,3.6480005383491516,0.3989620917599658
7.0,2.0,4.0,3.6502041816711426,0.4487459912404521
7.0,2.0,5.0,3.6650086641311646,0.41726227603763333
7.0,2.0,6.0,3.6664832830429077,0.38812214800268857
7.0,2.0,7.0,3.66420179605484,0.40564921090100947
7.0,2.0,8.0,3.694218933582306,0.36091462349353076
7.0,2.0,9.0,3.681769013404846,0.4063804646229539
7.0,2.0,10.0,3.6907323002815247,0.3871045442150203
7.0,2.0,11.0,3.6942436695098877,0.41148469662474735
7.0,2.0,12.0,3.6701635122299194,0.4361919560003847
7.0,2.0,13.0,3.6995304822921753,0.4468219670637271
7.0,2.0,14.0,3.7002437114715576,0.37902906854665847
7.0,2.0,15.0,3.687597155570984,0.3910886024818203
7.0,2.0,16.0,3.690469980239868,0.3882581578390704
7.0,2.0,17.0,3.6798149943351746,0.42942373295839437
7.0,2.0,18.0,3.7474510073661804,0.36335775341263804
7.0,2.0,19.0,3.7119657397270203,0.4016426854194591
7.0,2.0,20.0,3.746628224849701,0.40416207566470347
7.0,3.0,1.0,3.676973521709442,0.34412801508003904
7.0,3.0,2.0,3.697683811187744,0.38254390822815426
7.0,3.0,3.0,3.689251482486725,0.4145285933482172
7.0,3.0,4.0,3.6741175651550293,0.43420300025365016
7.0,3.0,5.0,3.7002158164978027,0.41061691785704224
7.0,3.0,6.0,3.6802470684051514,0.41377964945939844
7.0,3.0,7.0,3.6899890899658203,0.4345739551062907
7.0,3.0,8.0,3.7025259137153625,0.42896625410894107
7.0,3.0,9.0,3.702103912830353,0.4536773531743954
7.0,3.0,10.0,3.6884037852287292,0.4180227926975397
7.0,3.0,11.0,3.72537362575531,0.38327090766395494
7.0,3.0,12.0,3.7281240820884705,0.38388759797682626
7.0,3.0,13.0,3.6998561024665833,0.4012482100893977
7.0,3.0,14.0,3.734846591949463,0.4268499474419265
7.0,3.0,15.0,3.7447672486305237,0.39703720117951813
7.0,3.0,16.0,3.727880835533142,0.46975455809136885
7.0,3.0,17.0,3.7758085131645203,0.4400201865271381
7.0,3.0,18.0,3.7343035340309143,0.443741309538411
7.0,3.0,19.0,3.7267203330993652,0.4345252235436119
7.0,3.0,20.0,3.771619439125061,0.4230338738596623
7.0,4.0,1.0,3.727195918560028,0.36291058571415674
7.0,4.0,2.0,3.7243984937667847,0.412951574940565
7.0,4.0,3.0,3.7419344782829285,0.3904348229902845
7.0,4.0,4.0,3.717127025127411,0.38520469595681983
7.0,4.0,5.0,3.744545042514801,0.4569128387450562
7.0,4.0,6.0,3.7149264812469482,0.4145510477185679
7.0,4.0,7.0,3.7357231974601746,0.3971086796695684
7.0,4.0,8.0,3.7633915543556213,0.4157638924770351
7.0,4.0,9.0,3.738539457321167,0.41546434440112145
7.0,4.0,10.0,3.747665286064148,0.43105031122419785
7.0,4.0,11.0,3.759044051170349,0.4014096931502934
7.0,4.0,12.0,3.7815269827842712,0.4192855655774926
7.0,4.0,13.0,3.7622188925743103,0.4488937313812024
7.0,4.0,14.0,3.762537717819214,0.4618151783107145
7.0,4.0,15.0,3.7873591780662537,0.43078084890411883
7.0,4.0,16.0,3.8113059401512146,0.4150295467098394
7.0,4.0,17.0,3.785531163215637,0.4372072824711802
7.0,4.0,18.0,3.7769702672958374,0.4405836757393692
7.0,4.0,19.0,3.794171154499054,0.4017933842019479
7.0,4.0,20.0,3.8206425309181213,0.3999313714432423
7.0,5.0,1.0,3.80059677362442,0.36311625286785254
7.0,5.0,2.0,3.7737079858779907,0.4068865757784103
7.0,5.0,3.0,3.71660578250885,0.46187269238385714
7.0,5.0,4.0,3.7741770148277283,0.46515029404823605
7.0,5.0,5.0,3.758016049861908,0.4842995429154647
7.0,5.0,6.0,3.767184793949127,0.4602388964119689
7.0,5.0,7.0,3.7814045548439026,0.4274016153390431
7.0,5.0,8.0,3.773983895778656,0.4556905365796692
7.0,5.0,9.0,3.7872045636177063,0.46641848446307904
7.0,5.0,10.0,3.781000256538391,0.4743452391251967
7.0,5.0,11.0,3.7869220972061157,0.463253440188569
7.0,5.0,12.0,3.8085411190986633,0.474380205371972
7.0,5.0,13.0,3.7946475744247437,0.4860341001313591
7.0,5.0,14.0,3.7915077209472656,0.4722527348814223
7.0,5.0,15.0,3.8130611777305603,0.4015397731776196
7.0,5.0,16.0,3.816018283367157,0.4314767941311727
7.0,5.0,17.0,3.803512156009674,0.4635934912743923
7.0,5.0,18.0,3.8493265509605408,0.40591951872118753
7.0,5.0,19.0,3.8196245431900024,0.4063150923736686
7.0,5.0,20.0,3.790837824344635,0.4353778831893847
8.0,1.0,1.0,4.321728348731995,0.0202501629680118
8.0,1.0,2.0,4.198676109313965,0.06946629273673299
8.0,1.0,3.0,4.086357057094574,0.17625097310167026
8.0,1.0,4.0,4.009685277938843,0.2573490012375723
8.0,1.0,5.0,3.9715837836265564,0.29377743881904717
8.0,1.0,6.0,3.94254869222641,0.27553762906079304
8.0,1.0,7.0,3.901850402355194,0.2898539891511694
8.0,1.0,8.0,3.9148903489112854,0.2860672842516653
8.0,1.0,9.0,3.9107027649879456,0.2850558150774026
8.0,1.0,10.0,3.9024322628974915,0.28976488383024956
8.0,1.0,11.0,3.9188627004623413,0.2643308434889198
8.0,1.0,12.0,3.9019447565078735,0.3192966918168247
8.0,1.0,13.0,3.897700548171997,0.30203983288957087
8.0,1.0,14.0,3.9344418048858643,0.26830052728108833
8.0,1.0,15.0,3.8998674750328064,0.304558591974174
8.0,1.0,16.0,3.924195170402527,0.2703924975199656
8.0,1.0,17.0,3.9282785058021545,0.30435318200102357
8.0,1.0,18.0,3.9378822445869446,0.2876665723053691
8.0,1.0,19.0,3.9196260571479797,0.35981800704370837
8.0,1.0,20.0,3.9381642937660217,0.29350534042824417
8.0,2.0,1.0,3.860155999660492,0.38742325828295937
8.0,2.0,2.0,3.896582841873169,0.3826035029386081
8.0,2.0,3.0,3.895112097263336,0.39454279495732936
8.0,2.0,4.0,3.852012276649475,0.40032025130697174
8.0,2.0,5.0,3.8972171545028687,0.3764813670480059
8.0,2.0,6.0,3.901079773902893,0.37771512904868126
8.0,2.0,7.0,3.883245050907135,0.3734955727698998
8.0,2.0,8.0,3.905531406402588,0.38122729268527916
8.0,2.0,9.0,3.925937533378601,0.3583775958865557
8.0,2.0,10.0,3.942161500453949,0.3501537797010802
8.0,2.0,11.0,3.933934807777405,0.3432831403434888
8.0,2.0,12.0,3.9344615936279297,0.3521226284483904
8.0,2.0,13.0,3.938240885734558,0.3614745800766785
8.0,2.0,14.0,3.9463269114494324,0.34746778760042973
8.0,2.0,15.0,3.965855360031128,0.33977993547090335
8.0,2.0,16.0,3.952566921710968,0.3710915819845326
8.0,2.0,17.0,3.9451615810394287,0.3787179054684433
8.0,2.0,18.0,3.989153802394867,0.3515468247712416
8.0,2.0,19.0,3.9679105281829834,0.28006351429627063
8.0,2.0,20.0,3.95500248670578,0.3236547133531306
8.0,3.0,1.0,3.883726477622986,0.3712885048379015
8.0,3.0,2.0,3.9031888842582703,0.3720415324157438
8.0,3.0,3.0,3.934299647808075,0.3323921207838039
8.0,3.0,4.0,3.9056288599967957,0.3703666145429198
8.0,3.0,5.0,3.9528727531433105,0.3153625313307359
8.0,3.0,6.0,3.915884494781494,0.35998002071332474
8.0,3.0,7.0,3.9464876651763916,0.33969834445750474
8.0,3.0,8.0,3.951776087284088,0.317075456377855
8.0,3.0,9.0,3.9460718035697937,0.29134985586121104
8.0,3.0,10.0,3.9545109272003174,0.33214043743036353
8.0,3.0,11.0,3.9426191449165344,0.3078981521378491
8.0,3.0,12.0,3.9596094489097595,0.3276916544519751
8.0,3.0,13.0,3.9553157091140747,0.331015319510456
8.0,3.0,14.0,4.00201952457428,0.35580047597998454
8.0,3.0,15.0,3.966292977333069,0.3426835881949614
8.0,3.0,16.0,4.008961021900177,0.3078586940929929
8.0,3.0,17.0,4.006630182266235,0.2889656931472192
8.0,3.0,18.0,3.986765503883362,0.352064873149926
8.0,3.0,19.0,3.958595931529999,0.20219163162378515
8.0,3.0,20.0,3.9475781321525574,0.29146940842320396
8.0,4.0,1.0,3.925230383872986,0.37026837870443857
8.0,4.0,2.0,3.9419856667518616,0.3427130950043325
8.0,4.0,3.0,3.9423354268074036,0.3247235081686744
8.0,4.0,4.0,3.9398398995399475,0.327468012213775
8.0,4.0,5.0,3.954362988471985,0.3494920904813192
8.0,4.0,6.0,3.931279182434082,0.3626539170281509
8.0,4.0,7.0,3.945401132106781,0.39963529235161704
8.0,4.0,8.0,3.9663714170455933,0.33534836498658666
8.0,4.0,9.0,3.9587090015411377,0.33767832942880716
8.0,4.0,10.0,3.982722222805023,0.36654044324385276
8.0,4.0,11.0,3.9670828580856323,0.3524521986066107
8.0,4.0,12.0,3.951724648475647,0.30921669900196275
8.0,4.0,13.0,3.980517268180847,0.3667484937933172
8.0,4.0,14.0,3.9670692086219788,0.33631468869192155
8.0,4.0,15.0,3.999112367630005,0.3300529401182951
8.0,4.0,16.0,3.995397448539734,0.35793829669631094
8.0,4.0,17.0,4.01721578836441,0.358386589220022
8.0,4.0,18.0,4.013832211494446,0.29923012747977434
8.0,4.0,19.0,4.024106323719025,0.3457637148127276
8.0,4.0,20.0,4.028338730335236,0.3339346453728148
8.0,5.0,1.0,3.9543901681900024,0.3430530107124698
8.0,5.0,2.0,3.9374391436576843,0.36251134226673387
8.0,5.0,3.0,3.9439050555229187,0.359567958569193
8.0,5.0,4.0,3.911256492137909,0.4052983086518982
8.0,5.0,5.0,3.9654524326324463,0.35175627200309867
8.0,5.0,6.0,3.918718099594116,0.4142268414568735
8.0,5.0,7.0,3.9589486718177795,0.3444927849594773
8.0,5.0,8.0,3.96703439950943,0.3628845205232382
8.0,5.0,9.0,3.9627378582954407,0.3475169300206576
8.0,5.0,10.0,3.978570282459259,0.3599222473018905
8.0,5.0,11.0,3.9440993070602417,0.3975904776453402
8.0,5.0,12.0,3.9464858770370483,0.36022131756213593
8.0,5.0,13.0,3.9588537216186523,0.3290956311631466
8.0,5.0,14.0,3.9373227953910828,0.3231892856442932
8.0,5.0,15.0,3.920528531074524,0.3662907694836873
8.0,5.0,16.0,3.959383249282837,0.3658956081614381
8.0,5.0,17.0,3.9802858233451843,0.340357789231818
8.0,5.0,18.0,4.0084704756736755,0.30938490532963064
8.0,5.0,19.0,3.9907196760177612,0.3356343891300499
8.0,5.0,20.0,4.011758506298065,0.33925865672147304
9.0,1.0,1.0,4.444257068634033,0.029851153932114263
9.0,1.0,2.0,4.310584259033203,0.06389652153176692
9.0,1.0,3.0,4.222739219665527,0.14577218950047635
9.0,1.0,4.0,4.144224166870117,0.20167261754236177
9.0,1.0,5.0,4.095925998687744,0.21235321997890494
9.0,1.0,6.0,4.06877555847168,0.20007859890872587
9.0,1.0,7.0,4.063749694824219,0.22899248992420856
9.0,1.0,8.0,4.061480617523193,0.2150078260909682
9.0,1.0,9.0,4.0597007274627686,0.2321298704601902
9.0,1.0,10.0,4.062232589721679,0.23016482951345646
9.0,1.0,11.0,4.078918075561523,0.20255391857772262
9.0,1.0,12.0,4.08065938949585,0.21015835659542048
9.0,1.0,13.0,4.091245651245117,0.21436359986640444
9.0,1.0,14.0,4.065119791030884,0.209773267950309
9.0,1.0,15.0,4.082639455795288,0.21465650185527965
9.0,1.0,16.0,4.093131351470947,0.24542170518588718
9.0,1.0,17.0,4.100404930114746,0.21783230138395202
9.0,1.0,18.0,4.079676771163941,0.1986728891937662
9.0,1.0,19.0,4.110766983032226,0.2455895882623426
9.0,1.0,20.0,4.120432758331299,0.21274892763697753
9.0,2.0,1.0,4.079189777374268,0.2980378535422203
9.0,2.0,2.0,4.080835247039795,0.2832889635680358
9.0,2.0,3.0,4.0739294528961185,0.2512795595397373
9.0,2.0,4.0,4.056518077850342,0.2613201003544957
9.0,2.0,5.0,4.0922126293182375,0.2837364745118546
9.0,2.0,6.0,4.090952777862549,0.26788921989642095
9.0,2.0,7.0,4.092841720581054,0.28580682539587854
9.0,2.0,8.0,4.09426441192627,0.2920579758033172
9.0,2.0,9.0,4.121146202087402,0.2971509933587822
9.0,2.0,10.0,4.085272979736328,0.2810937576248811
9.0,2.0,11.0,4.140056228637695,0.3022192204131798
9.0,2.0,12.0,4.127917385101318,0.30907698587107624
9.0,2.0,13.0,4.136445713043213,0.28267795992448624
9.0,2.0,14.0,4.141819858551026,0.30186217952542516
9.0,2.0,15.0,4.122941541671753,0.2561877565502635
9.0,2.0,16.0,4.126898384094238,0.2711863939470455
9.0,2.0,17.0,4.134196615219116,0.3357483545902385
9.0,2.0,18.0,4.123946285247802,0.29289180067078247
9.0,2.0,19.0,4.13381814956665,0.2713105749912418
9.0,2.0,20.0,4.179793643951416,0.2826997391965465
9.0,3.0,1.0,4.143537998199463,0.27682815328447036
9.0,3.0,2.0,4.151088047027588,0.2389960235141403
9.0,3.0,3.0,4.2025140762329105,0.22785120715140916
9.0,3.0,4.0,4.1431811332702635,0.23373950297699733
9.0,3.0,5.0,4.177144527435303,0.23450737069949043
9.0,3.0,6.0,4.15888557434082,0.23396479947010224
9.0,3.0,7.0,4.15916166305542,0.25533195178972007
9.0,3.0,8.0,4.139302062988281,0.1898050907349326
9.0,3.0,9.0,4.134388065338134,0.24102101825024227
9.0,3.0,10.0,4.082093048095703,0.23713229033443478
9.0,3.0,11.0,4.123883628845215,0.2347800358994822
9.0,3.0,12.0,4.141135215759277,0.24566237592435317
9.0,3.0,13.0,4.138707447052002,0.2609150015859246
9.0,3.0,14.0,4.193028926849365,0.2344687283120243
9.0,3.0,15.0,4.199329853057861,0.21729045378840423
9.0,3.0,16.0,4.1989466667175295,0.24016497871563222
9.0,3.0,17.0,4.191946792602539,0.2609245418638751
9.0,3.0,18.0,4.202484607696533,0.23049254589459034
9.0,3.0,19.0,4.194523715972901,0.2309305147739443
9.0,3.0,20.0,4.223492908477783,0.2331657678885032
9.0,4.0,1.0,4.194419288635254,0.29371765964498175
9.0,4.0,2.0,4.131787395477295,0.2820334338221158
9.0,4.0,3.0,4.12033748626709,0.22735559159551444
9.0,4.0,4.0,4.186261749267578,0.23353976215056665
9.0,4.0,5.0,4.122193717956543,0.25453102850051795
9.0,4.0,6.0,4.165410041809082,0.3016541776107014
9.0,4.0,7.0,4.165282726287842,0.26052631916066615
9.0,4.0,8.0,4.1501153945922855,0.28247417215435466
9.0,4.0,9.0,4.162745571136474,0.2756080683755179
9.0,4.0,10.0,4.1858490943908695,0.28656545482189644
9.0,4.0,11.0,4.197437763214111,0.2932367749841773
9.0,4.0,12.0,4.190513229370117,0.3149562483759021
9.0,4.0,13.0,4.183747005462647,0.32128132289606476
9.0,4.0,14.0,4.198318195343018,0.28086776356337495
9.0,4.0,15.0,4.223507118225098,0.2752126848663789
9.0,4.0,16.0,4.231154441833496,0.265142805461471
9.0,4.0,17.0,4.213502025604248,0.26883006690591826
9.0,4.0,18.0,4.218793201446533,0.29884720411776583
9.0,4.0,19.0,4.23518009185791,0.2771771631645743
9.0,4.0,20.0,4.223918819427491,0.2920780931171984
9.0,5.0,1.0,4.159677600860595,0.2918459057874355
9.0,5.0,2.0,4.174099540710449,0.2613201218787576
9.0,5.0,3.0,4.169988632202148,0.28710864622522925
9.0,5.0,4.0,4.14171667098999,0.2592500725747059
9.0,5.0,5.0,4.16746883392334,0.2708310855407737
9.0,5.0,6.0,4.175419044494629,0.266669958426668
9.0,5.0,7.0,4.163293170928955,0.2991405236652743
9.0,5.0,8.0,4.197683811187744,0.29206893477202395
9.0,5.0,9.0,4.195868015289307,0.2863738033983719
9.0,5.0,10.0,4.175944900512695,0.26310333296822236
9.0,5.0,11.0,4.2161942481994625,0.28755509277219293
9.0,5.0,12.0,4.204224681854248,0.26998874131558537
9.0,5.0,13.0,4.203146839141846,0.2921224126647377
9.0,5.0,14.0,4.214823246002197,0.25035402774823623
9.0,5.0,15.0,4.199706649780273,0.2551067325354201
9.0,5.0,16.0,4.223400115966797,0.2514379002348796
9.0,5.0,17.0,4.213236713409424,0.33501887384660073
9.0,5.0,18.0,4.231124019622802,0.2843904727982464
9.0,5.0,19.0,4.216444683074951,0.2883987258823096
9.0,5.0,20.0,4.22664098739624,0.25582839854474243
10.0,1.0,1.0,4.540621376037597,0.024347377094713
10.0,1.0,2.0,4.414366912841797,0.08173048348558301
10.0,1.0,3.0,4.3594025611877445,0.14479415076152857
10.0,1.0,4.0,4.308288669586181,0.18174308043835646
10.0,1.0,5.0,4.270475673675537,0.1767070274022594
10.0,1.0,6.0,4.257770156860351,0.1679767834044987
10.0,1.0,7.0,4.2479323387146,0.2137060974642282
10.0,1.0,8.0,4.226428604125976,0.2379544501214719
10.0,1.0,9.0,4.244450092315674,0.18253510367816203
10.0,1.0,10.0,4.248282814025879,0.21751747684699763
10.0,1.0,11.0,4.230611419677734,0.24026781808669442
10.0,1.0,12.0,4.259747886657715,0.19568992238790975
10.0,1.0,13.0,4.264631843566894,0.19731727904457672
10.0,1.0,14.0,4.264775371551513,0.18769468536199113
10.0,1.0,15.0,4.25823564529419,0.19763853097666104
10.0,1.0,16.0,4.276010990142822,0.19523869491354529
10.0,1.0,17.0,4.292446517944336,0.21116122937561488
10.0,1.0,18.0,4.287844467163086,0.22272595749861807
10.0,1.0,19.0,4.296400165557861,0.20525681937240436
10.0,1.0,20.0,4.2980729103088375,0.20450612715033298
10.0,2.0,1.0,4.204360008239746,0.2752129004586749
10.0,2.0,2.0,4.216666030883789,0.249605368969759
10.0,2.0,3.0,4.239142036437988,0.23613846447692538
10.0,2.0,4.0,4.2390035629272464,0.2605885964096676
10.0,2.0,5.0,4.2366992950439455,0.23589979550002893
10.0,2.0,6.0,4.258529090881348,0.2746552190603347
10.0,2.0,7.0,4.237346935272217,0.252861823080827
10.0,2.0,8.0,4.273183917999267,0.23989247127998906
10.0,2.0,9.0,4.2632166862487795,0.26904523051403645
10.0,2.0,10.0,4.272075557708741,0.2408490269781023
10.0,2.0,11.0,4.2811994552612305,0.24830377281379098
10.0,2.0,12.0,4.296309947967529,0.240394239108385
10.0,2.0,13.0,4.2684760093688965,0.2354020791991032
10.0,2.0,14.0,4.2641682624816895,0.2627061806216046
10.0,2.0,15.0,4.289772891998291,0.24264569155918153
10.0,2.0,16.0,4.283396816253662,0.23886565677925028
10.0,2.0,17.0,4.297280788421631,0.22063130731923944
10.0,2.0,18.0,4.320715236663818,0.20877947206468303
10.0,2.0,19.0,4.32170467376709,0.22426417995855102
10.0,2.0,20.0,4.310528373718261,0.23640214858100056
10.0,3.0,1.0,4.2468842506408695,0.2664061525708795
10.0,3.0,2.0,4.264185619354248,0.2654957729449275
10.0,3.0,3.0,4.267476272583008,0.28909368868776614
10.0,3.0,4.0,4.251700687408447,0.27978078455722694
10.0,3.0,5.0,4.260494518280029,0.2829241896417312
10.0,3.0,6.0,4.263078117370606,0.29872793519136703
10.0,3.0,7.0,4.258022880554199,0.2913379238550278
10.0,3.0,8.0,4.2869538307189945,0.2489053312224041
10.0,3.0,9.0,4.2888023376464846,0.2436615269121403
10.0,3.0,10.0,4.309487056732178,0.22410666958936154
10.0,3.0,11.0,4.274161052703858,0.2970365486661288
10.0,3.0,12.0,4.307809543609619,0.2717029100983561
10.0,3.0,13.0,4.310621452331543,0.2452408596901198
10.0,3.0,14.0,4.30547399520874,0.23795437408443884
10.0,3.0,15.0,4.319563293457032,0.2351526367682951
10.0,3.0,16.0,4.334000301361084,0.24046612981968662
10.0,3.0,17.0,4.300847053527832,0.25228518356489876
10.0,3.0,18.0,4.340394115447998,0.25835619461508824
10.0,3.0,19.0,4.327015972137451,0.22893261223996017
10.0,3.0,20.0,4.345173358917236,0.2342098805177045
10.0,4.0,1.0,4.25209264755249,0.29864024563590663
10.0,4.0,2.0,4.256280136108399,0.2748405891123906
10.0,4.0,3.0,4.280463600158692,0.25043634485408006
10.0,4.0,4.0,4.260390949249268,0.26152462248513436
10.0,4.0,5.0,4.295466041564941,0.2931239838728496
10.0,4.0,6.0,4.302539253234864,0.2613058666488802
10.0,4.0,7.0,4.287590026855469,0.25743040782725396
10.0,4.0,8.0,4.320386028289795,0.27968646003901104
10.0,4.0,9.0,4.339380359649658,0.21715693312079312
10.0,4.0,10.0,4.31692533493042,0.2360603729559885
10.0,4.0,11.0,4.302935409545898,0.23275071716851442
10.0,4.0,12.0,4.316312503814697,0.25401522801256043
10.0,4.0,13.0,4.350157070159912,0.2536935339166958
10.0,4.0,14.0,4.32700138092041,0.2445227025449767
10.0,4.0,15.0,4.333918571472168,0.25433850558534393
10.0,4.0,16.0,4.348830604553223,0.24265588450511852
10.0,4.0,17.0,4.336129188537598,0.25443302756553254
10.0,4.0,18.0,4.391521835327149,0.2336695527445359
10.0,4.0,19.0,4.349917316436768,0.2535742359192684
10.0,4.0,20.0,4.361036586761474,0.24946854782429648
10.0,5.0,1.0,4.2781096458435055,0.23683131852035386
10.0,5.0,2.0,4.287378120422363,0.2782934798838769
10.0,5.0,3.0,4.286710166931153,0.24796166463490504
10.0,5.0,4.0,4.283542919158935,0.22826844200701327
10.0,5.0,5.0,4.272185802459717,0.2567793385666718
10.0,5.0,6.0,4.271884441375732,0.23869461967274652
10.0,5.0,7.0,4.282192134857178,0.29035160646822145
10.0,5.0,8.0,4.2882006645202635,0.27694343691407375
10.0,5.0,9.0,4.292543888092041,0.2929493796139636
10.0,5.0,10.0,4.287124538421631,0.3070207595406189
10.0,5.0,11.0,4.314999198913574,0.23424028552702536
10.0,5.0,12.0,4.3122878074646,0.254284026588279
10.0,5.0,13.0,4.31453046798706,0.23935803586155943
10.0,5.0,14.0,4.31605863571167,0.2330986914169317
10.0,5.0,15.0,4.3273638725280765,0.2395070986894023
10.0,5.0,16.0,4.335881328582763,0.25659717342848626
10.0,5.0,17.0,4.32911434173584,0.26049037487517807
10.0,5.0,18.0,4.319225120544433,0.2751956491167744
10.0,5.0,19.0,4.33036241531372,0.24038948943293115
10.0,5.0,20.0,4.3529986381530765,0.2484295669816363
