phase,fold,epoch,loss,accuracy,learning_rate,train_loss,val_loss
1.0,1.0,1.0,,0.1321840118450288,0.0001,2.3014632823619436,2.2920331954956055
1.0,1.0,2.0,,0.17582515611061555,0.0001,4.577379244946419,2.281174659729004
1.0,1.0,3.0,,0.20788025533788249,0.0001,6.830378257467392,2.267319917678833
1.0,1.0,4.0,,0.44886330020926224,0.0001,9.05065462031263,2.2494726181030273
1.0,1.0,5.0,,0.4321783677715881,0.0001,11.238558464861931,2.2248690128326416
1.0,1.0,6.0,,0.5614304715999631,0.0001,13.392856607031314,2.191640615463257
1.0,1.0,7.0,,0.531636348585501,0.0001,15.50873233815457,2.1520376205444336
1.0,1.0,8.0,,0.5566129974693756,1e-05,17.59188225725864,2.15219783782959
1.0,1.0,9.0,,0.45140967374267477,1e-05,19.669323456541022,2.1461613178253174
1.0,1.0,10.0,,0.5969437065648432,1e-05,21.743196883100143,2.146007537841797
1.0,2.0,1.0,,0.9309128171042429,0.0001,2.09430707059008,2.01700758934021
1.0,2.0,2.0,,0.9138267017130427,0.0001,4.134992816600394,1.974440574645996
1.0,2.0,3.0,,0.9304924236108943,0.0001,6.130918241054454,1.909903645515442
1.0,2.0,4.0,,0.912979244085924,0.0001,8.075500370593781,1.8632242679595947
1.0,2.0,5.0,,0.9107756096788998,0.0001,9.984160843301327,1.8230928182601929
1.0,2.0,6.0,,0.9117416869161634,0.0001,11.850487474177745,1.800915002822876
1.0,2.0,7.0,,0.9162100998591527,0.0001,13.679274977521693,1.7726742029190063
1.0,2.0,8.0,,0.9127962433047179,1e-05,15.483599302616526,1.74928617477417
1.0,2.0,9.0,,0.9487094272737343,1e-05,17.2827455480048,1.7627426385879517
1.0,2.0,10.0,,0.9161978710333645,1e-05,19.07968525785081,1.7738065719604492
1.0,3.0,1.0,,0.92090395480226,0.0001,1.8247558441567928,1.7100492715835571
1.0,3.0,2.0,,0.9331450094161959,0.0001,3.6039570854065266,1.6975388526916504
1.0,3.0,3.0,,0.9331450094161959,0.0001,5.348794955902911,1.6603600978851318
1.0,3.0,4.0,,0.8796169428058659,0.0001,7.058979920630759,1.664336085319519
1.0,3.0,5.0,,0.9317719568567027,0.0001,8.746838607686632,1.6231813430786133
1.0,3.0,6.0,,0.9133709981167609,0.0001,10.401992235792443,1.600626826286316
1.0,3.0,7.0,,0.9042482940788025,0.0001,12.032645011962728,1.5779112577438354
1.0,3.0,8.0,,0.8957798322205103,1e-05,13.65145927642254,1.6055859327316284
1.0,3.0,9.0,,0.9164017170261594,1e-05,15.270473589795701,1.5995302200317383
1.0,3.0,10.0,,0.9331450094161959,1e-05,16.883385432020148,1.5996479988098145
1.0,4.0,1.0,,0.9662818308359945,0.0001,1.7618098999591585,1.6599427461624146
1.0,4.0,2.0,,0.9646892655367231,0.0001,3.477705201189569,1.6322673559188843
1.0,4.0,3.0,,0.9659827534939043,0.0001,5.1638873140862644,1.6230233907699585
1.0,4.0,4.0,,0.9304755071170927,0.0001,6.824571712473605,1.60493803024292
1.0,4.0,5.0,,0.9830508474576272,0.0001,8.46352130707274,1.567719578742981
1.0,4.0,6.0,,0.951767590999894,0.0001,10.084503611605218,1.577562928199768
1.0,4.0,7.0,,0.9659051830017195,0.0001,11.686689984037521,1.5580196380615234
1.0,4.0,8.0,,1.0,1e-05,13.270344272572943,1.548099160194397
1.0,5.0,1.0,,0.9636363636363636,0.0001,1.592588503481978,1.5484169721603394
1.0,5.0,2.0,,0.9636363636363636,0.0001,3.1606672840603327,1.563522458076477
1.0,5.0,3.0,,0.9636363636363636,0.0001,4.715542676085133,1.5417139530181885
1.0,5.0,4.0,,0.9636363636363636,0.0001,6.26043084314314,1.5511562824249268
1.0,5.0,5.0,,0.9823854306612927,0.0001,7.791305699590909,1.5324171781539917
1.0,5.0,6.0,,0.9465662126919734,0.0001,9.315325945110644,1.5270622968673706
1.0,5.0,7.0,,0.9629865739399208,0.0001,10.834554710630643,1.5279936790466309
1.0,5.0,8.0,,0.9823854306612927,1e-05,12.34268490742829,1.5117788314819336
1.0,5.0,9.0,,0.964792813677195,1e-05,13.85058551319575,1.537657380104065
1.0,5.0,10.0,,1.0,1e-05,15.355789915990021,1.5252134799957275
2.0,1.0,1.0,,0.4913561524741649,0.0001,2.6979258521910636,2.8397715091705322
2.0,1.0,2.0,,0.5312548416495784,0.0001,5.264796180964371,2.7585229873657227
2.0,1.0,3.0,,0.5343145743145742,0.0001,7.750829592400554,2.679647445678711
2.0,1.0,4.0,,0.5755352140856341,0.0001,10.17021439237834,2.6240954399108887
2.0,1.0,5.0,,0.6227968460111317,0.0001,12.536177705265715,2.564962863922119
2.0,1.0,6.0,,0.6532215093395217,0.0001,14.849843612281225,2.5156619548797607
2.0,1.0,7.0,,0.7128942486085342,0.0001,17.11569316156449,2.4878463745117188
2.0,1.0,8.0,,0.6842241968557758,1e-05,19.349517336882997,2.485262632369995
2.0,1.0,9.0,,0.762923329258733,1e-05,21.58342359313828,2.4811573028564453
2.0,1.0,10.0,,0.704558671142522,1e-05,23.80699860665106,2.4916019439697266
2.0,2.0,1.0,,0.7542959001782531,0.0001,2.2447232730072457,2.4300124645233154
2.0,2.0,2.0,,0.7381526246862381,0.0001,4.431779707631757,2.394334077835083
2.0,2.0,3.0,,0.6758157631841843,0.0001,6.573491066587441,2.368347406387329
2.0,2.0,4.0,,0.7802734706936388,0.0001,8.678916111641888,2.3370447158813477
2.0,2.0,5.0,,0.7234695696460403,0.0001,10.762285793981244,2.3304431438446045
2.0,2.0,6.0,,0.7172886497256247,0.0001,12.817406020284126,2.3318088054656982
2.0,2.0,7.0,,0.7657811469576176,0.0001,14.855634851694962,2.309091091156006
2.0,2.0,8.0,,0.7646267433485477,1e-05,16.878397312642853,2.321354627609253
2.0,2.0,9.0,,0.7813079637449386,1e-05,18.898037669479205,2.3245601654052734
2.0,2.0,10.0,,0.785088310382428,1e-05,20.916493389341568,2.2867350578308105
2.0,3.0,1.0,,0.8212964160022983,0.0001,2.0375651715049607,2.2458691596984863
2.0,3.0,2.0,,0.8464452447645724,0.0001,4.047750298694898,2.2327640056610107
2.0,3.0,3.0,,0.8255661238854517,0.0001,6.037945112447158,2.2247698307037354
2.0,3.0,4.0,,0.8706713454612613,0.0001,8.020880538075629,2.213707208633423
2.0,3.0,5.0,,0.8329648526077098,0.0001,9.993374462623322,2.2176687717437744
2.0,3.0,6.0,,0.8472108843537415,0.0001,11.948600825443062,2.1995351314544678
2.0,3.0,7.0,,0.8224246783733735,0.0001,13.897186461742633,2.215117931365967
2.0,3.0,8.0,,0.848678305821163,1e-05,15.840047153520755,2.2250454425811768
2.0,3.0,9.0,,0.856614813757671,1e-05,17.785397637702232,2.193660259246826
2.0,3.0,10.0,,0.8140185048378326,1e-05,19.72358000919383,2.202260732650757
2.0,4.0,1.0,,0.9029112554112554,0.0001,1.9786870646220382,2.1895618438720703
2.0,4.0,2.0,,0.9374603174603174,0.0001,3.945810210747531,2.188044309616089
2.0,4.0,3.0,,0.9109920634920635,0.0001,5.895945067901338,2.1873435974121094
2.0,4.0,4.0,,0.9236904761904762,0.0001,7.837510367020911,2.159851312637329
2.0,4.0,5.0,,0.9374603174603174,0.0001,9.775858149733594,2.1731622219085693
2.0,4.0,6.0,,0.9228011204481792,0.0001,11.702532883186066,2.1755306720733643
2.0,4.0,7.0,,0.9374603174603174,0.0001,13.629713804063831,2.159031629562378
2.0,4.0,8.0,,0.9374603174603174,1e-05,15.556686798304213,2.1481900215148926
2.0,4.0,9.0,,0.9374603174603174,1e-05,17.474116414678566,2.144439220428467
2.0,4.0,10.0,,0.9374603174603174,1e-05,19.391547260745877,2.1671853065490723
2.0,5.0,1.0,,0.9026601417905765,0.0001,1.9644710813249862,2.1944971084594727
2.0,5.0,2.0,,0.8875584489395231,0.0001,3.9084296635219027,2.1720528602600098
2.0,5.0,3.0,,0.8938327373109982,0.0001,5.850355856759208,2.188563585281372
2.0,5.0,4.0,,0.90398356971247,0.0001,7.786523338726589,2.17309308052063
2.0,5.0,5.0,,0.8677298208190656,0.0001,9.71988046169281,2.182063341140747
2.0,5.0,6.0,,0.9035803166237948,0.0001,11.638105790955679,2.1735751628875732
2.0,5.0,7.0,,0.8959320399218097,0.0001,13.552125705991472,2.162358045578003
2.0,5.0,8.0,,0.896955057824623,1e-05,15.466835846219745,2.1646578311920166
2.0,5.0,9.0,,0.8548996558149876,1e-05,17.377344567435127,2.1867213249206543
2.0,5.0,10.0,,0.9452788757136582,1e-05,19.286730698176793,2.158371686935425
3.0,1.0,1.0,,0.13346158054682541,0.0001,3.0930253502669607,3.27654767036438
3.0,1.0,2.0,,0.26976090014064696,0.0001,6.005890896365901,3.1587345600128174
3.0,1.0,3.0,,0.35491529345626616,0.0001,8.802747846409014,3.080436944961548
3.0,1.0,4.0,,0.3479976898256868,0.0001,11.521592776486829,3.004380464553833
3.0,1.0,5.0,,0.48260157563955025,0.0001,14.17253641110317,2.934924840927124
3.0,1.0,6.0,,0.4997774377521213,0.0001,16.76889008017862,2.8911962509155273
3.0,1.0,7.0,,0.5065017261219793,0.0001,19.31940943724031,2.864582061767578
3.0,1.0,8.0,,0.5291904298233412,1e-05,21.841183307064565,2.871846914291382
3.0,1.0,9.0,,0.5328899007026632,1e-05,24.354519979209655,2.8630945682525635
3.0,1.0,10.0,,0.4946742719208134,1e-05,26.86873301882653,2.874159097671509
3.0,2.0,1.0,,0.6303275065300382,0.0001,2.543584099241123,2.7696518898010254
3.0,2.0,2.0,,0.6393854147837766,0.0001,5.024680758737455,2.7441792488098145
3.0,2.0,3.0,,0.6862352823986244,0.0001,7.467876965832558,2.7140042781829834
3.0,2.0,4.0,,0.716408896455532,0.0001,9.885546461032455,2.687025785446167
3.0,2.0,5.0,,0.7547688746223057,0.0001,12.27260347840133,2.6799423694610596
3.0,2.0,6.0,,0.7097086916019222,0.0001,14.639096056579785,2.6704163551330566
3.0,2.0,7.0,,0.7475715564323159,0.0001,16.985322546807065,2.650379180908203
3.0,2.0,8.0,,0.7643788700750725,1e-05,19.322597420139676,2.655484914779663
3.0,2.0,9.0,,0.7361531494070586,1e-05,21.654047994856622,2.673877477645874
3.0,2.0,10.0,,0.7722249620983798,1e-05,23.984259231834656,2.6538426876068115
3.0,3.0,1.0,,0.7879004905820363,0.0001,2.3578154205516646,2.638120651245117
3.0,3.0,2.0,,0.8033199777801416,0.0001,4.683993553659718,2.613323450088501
3.0,3.0,3.0,,0.8604235185592711,0.0001,7.007458342108757,2.5996530055999756
3.0,3.0,4.0,,0.8843864933775583,0.0001,9.315204605175431,2.5943171977996826
3.0,3.0,5.0,,0.8617401530292936,0.0001,11.609059973127524,2.5946052074432373
3.0,3.0,6.0,,0.8921198998647366,0.0001,13.894604102821107,2.5757601261138916
3.0,3.0,7.0,,0.8638019098378859,0.0001,16.17534580048482,2.5834097862243652
3.0,3.0,8.0,,0.8917972674301788,1e-05,18.450482787599988,2.5894393920898438
3.0,3.0,9.0,,0.879011178694723,1e-05,20.72159929639974,2.563408851623535
3.0,3.0,10.0,,0.873439944922682,1e-05,22.995850351965352,2.571571111679077
3.0,4.0,1.0,,0.8889025860179708,0.0001,2.3026209399813697,2.5535104274749756
3.0,4.0,2.0,,0.9130008823834737,0.0001,4.585043767141918,2.5569655895233154
3.0,4.0,3.0,,0.9327658396484307,0.0001,6.861546255293346,2.540482759475708
3.0,4.0,4.0,,0.8772221577651442,0.0001,9.130706064284794,2.5573225021362305
3.0,4.0,5.0,,0.939666885820732,0.0001,11.393220325500247,2.5331974029541016
3.0,4.0,6.0,,0.8611407613670057,0.0001,13.647753963016328,2.5552515983581543
3.0,4.0,7.0,,0.8733339965627415,0.0001,15.902612247921171,2.5584945678710938
3.0,4.0,8.0,,0.8744473831012292,1e-05,18.147534298518348,2.540346384048462
3.0,4.0,9.0,,0.8890035122322573,1e-05,20.40163898013887,2.5330793857574463
3.0,4.0,10.0,,0.8638881982773384,1e-05,22.65270084880647,2.5287046432495117
3.0,5.0,1.0,,0.932699778853625,0.0001,2.2722281259203716,2.520974636077881
3.0,5.0,2.0,,0.8855432316970779,0.0001,4.534827485160222,2.536508083343506
3.0,5.0,3.0,,0.8970080196324539,0.0001,6.794477539970761,2.535041093826294
3.0,5.0,4.0,,0.9322113783652245,0.0001,9.045610753316728,2.5191495418548584
3.0,5.0,5.0,,0.9257964257964258,0.0001,11.297298043114798,2.5303823947906494
3.0,5.0,6.0,,0.9503481268187149,0.0001,13.54512419776311,2.5193026065826416
3.0,5.0,7.0,,0.9405061169767052,0.0001,15.792374192343818,2.528217315673828
3.0,5.0,8.0,,0.9517726282432164,1e-05,18.03486565786695,2.5157995223999023
3.0,5.0,9.0,,0.938233199262611,1e-05,20.280884647369383,2.5239789485931396
3.0,5.0,10.0,,0.9439797675091793,1e-05,22.524668854758854,2.524674654006958
4.0,1.0,1.0,,0.24178923980060343,0.0001,3.3141197881347395,3.487536668777466
4.0,1.0,2.0,,0.29532241377161167,0.0001,6.420926137281207,3.372922658920288
4.0,1.0,3.0,,0.4053082847104586,0.0001,9.404841552712762,3.281315803527832
4.0,1.0,4.0,,0.4470672000857759,0.0001,12.311795736507383,3.1965956687927246
4.0,1.0,5.0,,0.4701998981410746,0.0001,15.152645970201357,3.1517975330352783
4.0,1.0,6.0,,0.4892340613931523,0.0001,17.940284928924303,3.0848634243011475
4.0,1.0,7.0,,0.49206810170784276,0.0001,20.687931291104714,3.0618836879730225
4.0,1.0,8.0,,0.5018404550815542,1e-05,23.40775756390169,3.069990634918213
4.0,1.0,9.0,,0.5348085737791619,1e-05,26.12997159471593,3.071127414703369
4.0,1.0,10.0,,0.5494114508486165,1e-05,28.848785893437544,3.0733306407928467
4.0,2.0,1.0,,0.6029036867593934,0.0001,2.734020782259976,3.005608081817627
4.0,2.0,2.0,,0.6798332622105537,0.0001,5.408977238382226,2.9901232719421387
4.0,2.0,3.0,,0.7129970523055019,0.0001,8.051432735859166,2.9544014930725098
4.0,2.0,4.0,,0.6982244708442225,0.0001,10.660503542794721,2.947758436203003
4.0,2.0,5.0,,0.7119734559415222,0.0001,13.248508275061761,2.9161019325256348
4.0,2.0,6.0,,0.7275073981974968,0.0001,15.82154437097544,2.9243881702423096
4.0,2.0,7.0,,0.7665259204411116,0.0001,18.380513992255537,2.9032890796661377
4.0,2.0,8.0,,0.7495506250454593,1e-05,20.926181250185873,2.9097251892089844
4.0,2.0,9.0,,0.760182737296871,1e-05,23.46838452863288,2.8994686603546143
4.0,2.0,10.0,,0.7432490847257,1e-05,26.006067369882512,2.8965847492218018
4.0,3.0,1.0,,0.6852186639118457,0.0001,2.573117209019634,2.855745553970337
4.0,3.0,2.0,,0.8032804316895227,0.0001,5.123721684439707,2.8516204357147217
4.0,3.0,3.0,,0.8320838252656434,0.0001,7.656123578885181,2.8480782508850098
4.0,3.0,4.0,,0.8191063040494858,0.0001,10.18162853704334,2.839754343032837
4.0,3.0,5.0,,0.8538419913419912,0.0001,12.697766212420275,2.8325045108795166
4.0,3.0,6.0,,0.8595668536009445,0.0001,15.204438505873169,2.827141284942627
4.0,3.0,7.0,,0.8322400137741046,0.0001,17.709861137099185,2.8235971927642822
4.0,3.0,8.0,,0.8607511175692992,1e-05,20.21019924966629,2.8052031993865967
4.0,3.0,9.0,,0.8497159090909091,1e-05,22.706707538184475,2.810364007949829
4.0,3.0,10.0,,0.8560315000655909,1e-05,25.20889137020219,2.8090436458587646
4.0,4.0,1.0,,0.814486628137944,0.0001,2.5200061326646535,2.816195487976074
4.0,4.0,2.0,,0.8383765088970198,0.0001,5.030829455219419,2.823503255844116
4.0,4.0,3.0,,0.8448746063877643,0.0001,7.529176033149331,2.810335397720337
4.0,4.0,4.0,,0.8451624498574258,0.0001,10.025433048690106,2.8103930950164795
4.0,4.0,5.0,,0.853992490138001,0.0001,12.516701260528995,2.8088090419769287
4.0,4.0,6.0,,0.9021208323839903,0.0001,15.003974878181845,2.7947044372558594
4.0,4.0,7.0,,0.8528419862301443,0.0001,17.487174078569574,2.8029119968414307
4.0,4.0,8.0,,0.854434144072302,1e-05,19.97099931091912,2.806382656097412
4.0,4.0,9.0,,0.8376904710786289,1e-05,22.454528951375497,2.7985408306121826
4.0,4.0,10.0,,0.8304758107389687,1e-05,24.939087240035924,2.8188226222991943
4.0,5.0,1.0,,0.8713832513297753,0.0001,2.500855125276382,2.778383731842041
4.0,5.0,2.0,,0.9046583096048337,0.0001,4.990468449511771,2.7827322483062744
4.0,5.0,3.0,,0.9193722943722943,0.0001,7.473484341034108,2.782238245010376
4.0,5.0,4.0,,0.9378342245989305,0.0001,9.955577595759246,2.7934505939483643
4.0,5.0,5.0,,0.9347763347763347,0.0001,12.438315170632917,2.7801530361175537
4.0,5.0,6.0,,0.9175876411170528,0.0001,14.919324513882566,2.779388904571533
4.0,5.0,7.0,,0.9509655377302436,0.0001,17.394084188224234,2.7769224643707275
4.0,5.0,8.0,,0.9525252525252526,1e-05,19.870133694955857,2.7781808376312256
4.0,5.0,9.0,,0.9235780262518231,1e-05,22.344487832764447,2.7768611907958984
4.0,5.0,10.0,,0.9509655377302436,1e-05,24.818965544134883,2.7696564197540283
5.0,1.0,1.0,,0.10514350667803353,0.0001,3.5574741711844724,3.7446227073669434
5.0,1.0,2.0,,0.20873671782762693,0.0001,6.86587171050103,3.6048731803894043
5.0,1.0,3.0,,0.2718309616705339,0.0001,10.045793956713352,3.49424409866333
5.0,1.0,4.0,,0.28483645983645983,0.0001,13.131509749054608,3.4094462394714355
5.0,1.0,5.0,,0.26954472542707836,0.0001,16.145641389361558,3.3382527828216553
5.0,1.0,6.0,,0.3258370664787777,0.0001,19.108679164867258,3.3121213912963867
5.0,1.0,7.0,,0.3246417502398364,0.0001,22.020578387402168,3.2604799270629883
5.0,1.0,8.0,,0.3793113319429109,1e-05,24.903140076461906,3.2693774700164795
5.0,1.0,9.0,,0.39666876333543,1e-05,27.78458705657075,3.272663116455078
5.0,1.0,10.0,,0.38189880295143447,1e-05,30.66484798652399,3.2820332050323486
5.0,2.0,1.0,,0.5235744776379451,0.0001,2.913201860576793,3.1883232593536377
5.0,2.0,2.0,,0.617940170940171,0.0001,5.762036976345841,3.160435199737549
5.0,2.0,3.0,,0.5812633591898297,0.0001,8.575556095060834,3.1387884616851807
5.0,2.0,4.0,,0.6472977806507219,0.0001,11.364925511838207,3.110542058944702
5.0,2.0,5.0,,0.6232413811678518,0.0001,14.138525072813634,3.121690034866333
5.0,2.0,6.0,,0.6548712561947856,0.0001,16.891513607063583,3.10018253326416
5.0,2.0,7.0,,0.6158611111111111,0.0001,19.633776271373257,3.1237261295318604
5.0,2.0,8.0,,0.6581494224729519,1e-05,22.370008171955945,3.098301649093628
5.0,2.0,9.0,,0.6378509660274366,1e-05,25.109435906037877,3.1275930404663086
5.0,2.0,10.0,,0.6332274436090226,1e-05,27.842973751144985,3.1114025115966797
5.0,3.0,1.0,,0.6238129598247808,0.0001,2.756478575605843,3.116079330444336
5.0,3.0,2.0,,0.7104315717952081,0.0001,5.486710613097378,3.092538833618164
5.0,3.0,3.0,,0.7791366041366041,0.0001,8.212511729954475,3.0604546070098877
5.0,3.0,4.0,,0.7752085948680376,0.0001,10.92643650692312,3.096592426300049
5.0,3.0,5.0,,0.7244699134627833,0.0001,13.64104701885626,3.0836524963378906
5.0,3.0,6.0,,0.7733129615482558,0.0001,16.343796654562254,3.0884485244750977
5.0,3.0,7.0,,0.7684053419347536,0.0001,19.045520127119133,3.0830416679382324
5.0,3.0,8.0,,0.7606862273528942,1e-05,21.74179895918573,3.083219528198242
5.0,3.0,9.0,,0.7755377500991537,1e-05,24.44046022424746,3.0661282539367676
5.0,3.0,10.0,,0.7539748559356403,1e-05,27.141207760901906,3.0646350383758545
5.0,4.0,1.0,,0.6911923760669842,0.0001,2.733174446240142,3.054280996322632
5.0,4.0,2.0,,0.7385725784051143,0.0001,5.453122825478789,3.055417060852051
5.0,4.0,3.0,,0.8035422770271256,0.0001,8.159193917135497,3.05631685256958
5.0,4.0,4.0,,0.7912075859045555,0.0001,10.864405643999875,3.0519602298736572
5.0,4.0,5.0,,0.779298352337568,0.0001,13.565060511306303,3.0720832347869873
5.0,4.0,6.0,,0.8328728461081402,0.0001,16.26159425356879,3.0465848445892334
5.0,4.0,7.0,,0.813172910142607,0.0001,18.95695581028809,3.0510053634643555
5.0,4.0,8.0,,0.7851674122196686,1e-05,21.648379234812367,3.046494960784912
5.0,4.0,9.0,,0.8109790717633854,1e-05,24.341353158854957,3.0606560707092285
5.0,4.0,10.0,,0.852312810646144,1e-05,27.03579568024257,3.0478601455688477
5.0,5.0,1.0,,0.8452140452140453,0.0001,2.699962856781543,3.0092434883117676
5.0,5.0,2.0,,0.8262806448189693,0.0001,5.386467565843208,3.029791831970215
5.0,5.0,3.0,,0.8061565666406646,0.0001,8.073344373223769,3.0321264266967773
5.0,5.0,4.0,,0.8572945125154525,0.0001,10.75663766789077,3.0216012001037598
5.0,5.0,5.0,,0.8372407285063256,0.0001,13.437314975201785,3.0229763984680176
5.0,5.0,6.0,,0.8002209301228909,0.0001,16.11511474278704,3.0423004627227783
5.0,5.0,7.0,,0.8263552384764505,0.0001,18.794632896107046,3.027751922607422
5.0,5.0,8.0,,0.798575689841287,1e-05,21.47037144881397,3.028019666671753
5.0,5.0,9.0,,0.8497479625446602,1e-05,24.143298042479472,3.011166572570801
5.0,5.0,10.0,,0.8363118363118364,1e-05,26.818647010841563,3.020691156387329
6.0,1.0,1.0,,0.118558493733885,0.0001,3.7250328704816607,3.9243762493133545
6.0,1.0,2.0,,0.21476347002520774,0.0001,7.193489832867251,3.753769874572754
6.0,1.0,3.0,,0.2938035312516178,0.0001,10.517126832844728,3.6415038108825684
6.0,1.0,4.0,,0.30581244532181906,0.0001,13.73382607082028,3.5570614337921143
6.0,1.0,5.0,,0.29600309044181994,0.0001,16.87396194723038,3.4822003841400146
6.0,1.0,6.0,,0.3585138886131401,0.0001,19.95241560642703,3.459476947784424
6.0,1.0,7.0,,0.3551884794464395,0.0001,22.991994855615708,3.4295339584350586
6.0,1.0,8.0,,0.3569860800016364,1e-05,26.00794842900339,3.4190192222595215
6.0,1.0,9.0,,0.3347072217822353,1e-05,29.016336472539532,3.416849136352539
6.0,1.0,10.0,,0.3173599135453312,1e-05,32.024330187495586,3.4263808727264404
6.0,2.0,1.0,,0.5014575071393254,0.0001,3.0891529476452524,3.378986120223999
6.0,2.0,2.0,,0.5256578204404291,0.0001,6.100590166578532,3.3370461463928223
6.0,2.0,3.0,,0.5337734487734488,0.0001,9.076504105587484,3.3250393867492676
6.0,2.0,4.0,,0.6097382920110193,0.0001,12.024316161531523,3.33017635345459
6.0,2.0,5.0,,0.613060878515424,0.0001,14.951462467602012,3.3151116371154785
6.0,2.0,6.0,,0.6281871159143886,0.0001,17.86610006145573,3.311937093734741
6.0,2.0,7.0,,0.6798452052997507,0.0001,20.766369246133095,3.304318428039551
6.0,2.0,8.0,,0.6602131202131202,1e-05,23.656957544878566,3.308149576187134
6.0,2.0,9.0,,0.6520191958962013,1e-05,26.544127583232175,3.307492256164551
6.0,2.0,10.0,,0.6396869796869796,1e-05,29.428732091582173,3.293280601501465
6.0,3.0,1.0,,0.6272309962764508,0.0001,2.9120874877399627,3.2489774227142334
6.0,3.0,2.0,,0.6255010539699536,0.0001,5.799478327223271,3.2626090049743652
6.0,3.0,3.0,,0.6430103586253318,0.0001,8.678483283601208,3.2635138034820557
6.0,3.0,4.0,,0.6853282932159938,0.0001,11.548660176218506,3.26396107673645
6.0,3.0,5.0,,0.6901298701298701,0.0001,14.411369392160402,3.2621657848358154
6.0,3.0,6.0,,0.7410389610389609,0.0001,17.271423579348518,3.238966464996338
6.0,3.0,7.0,,0.7895952532316167,0.0001,20.121621722240924,3.2657063007354736
6.0,3.0,8.0,,0.7346365755456663,1e-05,22.97276235224174,3.246912717819214
6.0,3.0,9.0,,0.7347813802359258,1e-05,25.82231912797567,3.253382444381714
6.0,3.0,10.0,,0.7555916704242063,1e-05,28.670263862284006,3.254318952560425
6.0,4.0,1.0,,0.745506307418072,0.0001,2.864613753516473,3.228501796722412
6.0,4.0,2.0,,0.7712392108782482,0.0001,5.7153778994001945,3.217597246170044
6.0,4.0,3.0,,0.7826855053818184,0.0001,8.568652177997494,3.2243454456329346
6.0,4.0,4.0,,0.7845503072466202,0.0001,11.413164960496246,3.233750581741333
6.0,4.0,5.0,,0.8329559581832309,0.0001,14.255005386261299,3.2126305103302
6.0,4.0,6.0,,0.8304987347768097,0.0001,17.091361082224747,3.2160427570343018
6.0,4.0,7.0,,0.8948380867498514,0.0001,19.934244784787467,3.2072811126708984
6.0,4.0,8.0,,0.810256441419543,1e-05,22.772019597012253,3.228205442428589
6.0,4.0,9.0,,0.8454938705944899,1e-05,25.606683234690532,3.218059778213501
6.0,4.0,10.0,,0.8384043645006212,1e-05,28.44138348455581,3.2140886783599854
6.0,5.0,1.0,,0.865021049586619,0.0001,2.8463293899189344,3.1927592754364014
6.0,5.0,2.0,,0.8283072027810291,0.0001,5.68075965534557,3.2018065452575684
6.0,5.0,3.0,,0.80303626037571,0.0001,8.517555284500123,3.21807861328125
6.0,5.0,4.0,,0.8707329367879826,0.0001,11.352758221192794,3.1979267597198486
6.0,5.0,5.0,,0.8534115222188616,0.0001,14.182125694101506,3.201435089111328
6.0,5.0,6.0,,0.849592252803262,0.0001,17.011640631068836,3.205524444580078
6.0,5.0,7.0,,0.8372976666554647,0.0001,19.840807316519996,3.2280192375183105
6.0,5.0,8.0,,0.8510154473457224,1e-05,22.670430161736228,3.2159790992736816
6.0,5.0,9.0,,0.8667514053374821,1e-05,25.49536094232039,3.210606336593628
6.0,5.0,10.0,,0.8386389724085354,1e-05,28.321840971166438,3.2024519443511963
7.0,1.0,1.0,,0.11643933591536162,0.0001,3.8451619703064925,4.0401740074157715
7.0,1.0,2.0,,0.2022350259465539,0.0001,7.42314631184192,3.8972361087799072
7.0,1.0,3.0,,0.24694314523453337,0.0001,10.859950674904717,3.7892301082611084
7.0,1.0,4.0,,0.3089893705531264,0.0001,14.194591315787294,3.6693310737609863
7.0,1.0,5.0,,0.31211668149681343,0.0001,17.44888404930163,3.5958309173583984
7.0,1.0,6.0,,0.3125318567964976,0.0001,20.646019238346028,3.5468802452087402
7.0,1.0,7.0,,0.37817265943810685,0.0001,23.800936357030327,3.508549451828003
7.0,1.0,8.0,,0.38055049333596047,1e-05,26.93131373363471,3.525515079498291
7.0,1.0,9.0,,0.3867478570375519,1e-05,30.058940667526276,3.523632287979126
7.0,1.0,10.0,,0.3741977527028955,1e-05,33.18502950518386,3.5229897499084473
7.0,2.0,1.0,,0.43308608034783325,0.0001,3.160489860070826,3.4896399974823
7.0,2.0,2.0,,0.5190684914551241,0.0001,6.264143040095235,3.4670233726501465
7.0,2.0,3.0,,0.5522858917322585,0.0001,9.335512330197188,3.4411749839782715
7.0,2.0,4.0,,0.5683889173384972,0.0001,12.389555791139102,3.4238038063049316
7.0,2.0,5.0,,0.5701935319582377,0.0001,15.42691327190999,3.4255292415618896
7.0,2.0,6.0,,0.5766123946498155,0.0001,18.45659051551259,3.423907995223999
7.0,2.0,7.0,,0.5906732389925667,0.0001,21.47095011115324,3.408855438232422
7.0,2.0,8.0,,0.5892688300616689,1e-05,24.484124882915985,3.418471336364746
7.0,2.0,9.0,,0.6077177247710679,1e-05,27.493936352759786,3.4163424968719482
7.0,2.0,10.0,,0.5922051928456536,1e-05,30.502419305797392,3.410040855407715
7.0,3.0,1.0,,0.6674132096277424,0.0001,3.0333018133331042,3.4142379760742188
7.0,3.0,2.0,,0.6871953772596382,0.0001,6.043399241180101,3.4045872688293457
7.0,3.0,3.0,,0.6970141532548848,0.0001,9.044116236674736,3.4028236865997314
7.0,3.0,4.0,,0.6774362376529558,0.0001,12.041438071797582,3.3873722553253174
7.0,3.0,5.0,,0.6690009337068161,0.0001,15.033972330173189,3.3860726356506348
7.0,3.0,6.0,,0.6849931788572207,0.0001,18.020034925708213,3.385113000869751
7.0,3.0,7.0,,0.6402755612048742,0.0001,21.001312087270506,3.393622636795044
7.0,3.0,8.0,,0.6495829430085486,1e-05,23.980840859552806,3.39416766166687
7.0,3.0,9.0,,0.6523785984982229,1e-05,26.958004913569493,3.380528211593628
7.0,3.0,10.0,,0.6648308041165184,1e-05,29.937078069942267,3.3954520225524902
7.0,4.0,1.0,,0.6741680272822141,0.0001,3.0074643929134353,3.3769330978393555
7.0,4.0,2.0,,0.7190856117573863,0.0001,6.005770176524398,3.3671727180480957
7.0,4.0,3.0,,0.7244223886268012,0.0001,8.994013721474046,3.3680224418640137
7.0,4.0,4.0,,0.7361112002733358,0.0001,11.97756498528325,3.37129807472229
7.0,4.0,5.0,,0.7153536337135473,0.0001,14.960381605635128,3.389763116836548
7.0,4.0,6.0,,0.7311128372917796,0.0001,17.940175537284947,3.356574773788452
7.0,4.0,7.0,,0.7281842768066981,0.0001,20.91547133433769,3.363795280456543
7.0,4.0,8.0,,0.7285047352274243,1e-05,23.890515096018007,3.3766531944274902
7.0,4.0,9.0,,0.7403265227659692,1e-05,26.862038573460598,3.3657593727111816
7.0,4.0,10.0,,0.7488137500989701,1e-05,29.833857160233055,3.368436336517334
7.0,5.0,1.0,,0.7161780549323802,0.0001,2.9788341991073417,3.372738838195801
7.0,5.0,2.0,,0.7060696759164381,0.0001,5.954265341100333,3.3767824172973633
7.0,5.0,3.0,,0.8090928679163972,0.0001,8.923313039117279,3.356541156768799
7.0,5.0,4.0,,0.8177092090092585,0.0001,11.891403323935664,3.3626718521118164
7.0,5.0,5.0,,0.8232535904804812,0.0001,14.855693904924593,3.383226156234741
7.0,5.0,6.0,,0.839967826595521,0.0001,17.821878906074428,3.366590976715088
7.0,5.0,7.0,,0.7901643915484745,0.0001,20.786232284920985,3.388528347015381
7.0,5.0,8.0,,0.8042823595435944,1e-05,23.752270313486395,3.380265951156616
7.0,5.0,9.0,,0.8015367350953758,1e-05,26.71507394862474,3.382620334625244
7.0,5.0,10.0,,0.7900554627445382,1e-05,29.679006852864223,3.392742872238159
8.0,1.0,1.0,,0.16646346309749002,0.0001,3.955742491718425,4.093514919281006
8.0,1.0,2.0,,0.16286769810426588,0.0001,7.623807261809419,3.883328914642334
8.0,1.0,3.0,,0.19592473824472725,0.0001,11.142448842295348,3.759190797805786
8.0,1.0,4.0,,0.21668436925332543,0.0001,14.571826770038678,3.700212836265564
8.0,1.0,5.0,,0.26349846637124336,0.0001,17.927889535786104,3.651732325553894
8.0,1.0,6.0,,0.28194705351448096,0.0001,21.227795757382072,3.61315655708313
8.0,1.0,7.0,,0.3127378539624413,0.0001,24.48690189173783,3.593534827232361
8.0,1.0,8.0,,0.3170519271750462,1e-05,27.7279897076743,3.5939769744873047
8.0,1.0,9.0,,0.3033595350284817,1e-05,30.96755072048732,3.592542290687561
8.0,1.0,10.0,,0.3395657327352219,1e-05,34.20125639392602,3.592665910720825
8.0,2.0,1.0,,0.48051476607168164,0.0001,3.279574343596646,3.572433829307556
8.0,2.0,2.0,,0.5454416571706763,0.0001,6.491928004850291,3.543698787689209
8.0,2.0,3.0,,0.5317017126866648,0.0001,9.676968861730863,3.5353962182998657
8.0,2.0,4.0,,0.5484530542670077,0.0001,12.843155344480714,3.5286186933517456
8.0,2.0,5.0,,0.48446700389468295,0.0001,15.996399699030695,3.5258309841156006
8.0,2.0,6.0,,0.4945196921941108,0.0001,19.145010994207905,3.5180660486221313
8.0,2.0,7.0,,0.549605614320931,0.0001,22.285716115737973,3.51773464679718
8.0,2.0,8.0,,0.512986319552667,1e-05,25.416209608431487,3.5186450481414795
8.0,2.0,9.0,,0.5454869850218688,1e-05,28.55166289152786,3.5168135166168213
8.0,2.0,10.0,,0.5563782597298328,1e-05,31.681370736088994,3.513036012649536
8.0,3.0,1.0,,0.6439190899598138,0.0001,3.15116750871813,3.4958300590515137
8.0,3.0,2.0,,0.6307893654333282,0.0001,6.287598825329519,3.499495506286621
8.0,3.0,3.0,,0.6256453038639275,0.0001,9.415547159187582,3.4945435523986816
8.0,3.0,4.0,,0.6476312576312575,0.0001,12.53218841276574,3.4895743131637573
8.0,3.0,5.0,,0.63033375894831,0.0001,15.64612896930297,3.493265748023987
8.0,3.0,6.0,,0.636784685902333,0.0001,18.75834541799479,3.4921329021453857
8.0,3.0,7.0,,0.6907078140562303,0.0001,21.866041606917804,3.4894559383392334
8.0,3.0,8.0,,0.6864054497538661,1e-05,24.970798961904517,3.4818021059036255
8.0,3.0,9.0,,0.721373259721676,1e-05,28.07619156800642,3.4794081449508667
8.0,3.0,10.0,,0.7012616760604375,1e-05,31.18357269828384,3.483102321624756
8.0,4.0,1.0,,0.7397019836828318,0.0001,3.113972848091052,3.4710968732833862
8.0,4.0,2.0,,0.7433520136234515,0.0001,6.222329746091986,3.4650676250457764
8.0,4.0,3.0,,0.6609337931157357,0.0001,9.3271424228286,3.4718947410583496
8.0,4.0,4.0,,0.670642823868398,0.0001,12.427183714445846,3.473099946975708
8.0,4.0,5.0,,0.6467836971256944,0.0001,15.523664778137942,3.4735021591186523
8.0,4.0,6.0,,0.716869473435821,0.0001,18.62071258024903,3.4654351472854614
8.0,4.0,7.0,,0.738862776277277,0.0001,21.71251533715941,3.4706591367721558
8.0,4.0,8.0,,0.7026181790545676,1e-05,24.800583475127617,3.4745934009552
8.0,4.0,9.0,,0.7275724339659827,1e-05,27.8886128133432,3.472379207611084
8.0,4.0,10.0,,0.6937873065780042,1e-05,30.9788630592111,3.4731907844543457
8.0,5.0,1.0,,0.6693756109624782,0.0001,3.1156393558303743,3.5549254417419434
8.0,5.0,2.0,,0.7546860724015307,0.0001,6.215447002752668,3.5159788131713867
8.0,5.0,3.0,,0.7783868586194168,0.0001,9.311334800168957,3.480434775352478
8.0,5.0,4.0,,0.753181530805988,0.0001,12.406113329190969,3.49075710773468
8.0,5.0,5.0,,0.7905449847310312,0.0001,15.501669229110542,3.480590581893921
8.0,5.0,6.0,,0.7957988786306159,0.0001,18.586993997956057,3.474352478981018
8.0,5.0,7.0,,0.7923474635512939,0.0001,21.676084948412946,3.4782540798187256
8.0,5.0,8.0,,0.7797642242238686,1e-05,24.762574401204986,3.4821118116378784
8.0,5.0,9.0,,0.7484568934637333,1e-05,27.847983646025316,3.4835089445114136
8.0,5.0,10.0,,0.810921353055416,1e-05,30.933477284131943,3.475204348564148
9.0,1.0,1.0,,0.13436195117372676,0.0001,4.109040694116255,4.38349175453186
9.0,1.0,2.0,,0.15999740999741,0.0001,7.904113931346026,4.187011003494263
9.0,1.0,3.0,,0.24015963032976265,0.0001,11.545945022941066,4.020812511444092
9.0,1.0,4.0,,0.3114103867994028,0.0001,15.077135201395635,3.895483374595642
9.0,1.0,5.0,,0.3593293527389637,0.0001,18.531688734942826,3.8181408643722534
9.0,1.0,6.0,,0.3999579008160244,0.0001,21.922886446494918,3.763184070587158
9.0,1.0,7.0,,0.3818100206429726,0.0001,25.277073478010156,3.7474223375320435
9.0,1.0,8.0,,0.4194491745373425,1e-05,28.60888602931577,3.7384910583496094
9.0,1.0,9.0,,0.4488043174413274,1e-05,31.933543697591293,3.7399492263793945
9.0,1.0,10.0,,0.3888768997688508,1e-05,35.25272411559893,3.74834406375885
9.0,2.0,1.0,,0.5079793465982725,0.0001,3.361350858254553,3.763599157333374
9.0,2.0,2.0,,0.6228655603655604,0.0001,6.658068442602881,3.7189886569976807
9.0,2.0,3.0,,0.6855591584273103,0.0001,9.934083929991465,3.6767654418945312
9.0,2.0,4.0,,0.6590752242926154,0.0001,13.188965884356723,3.66159987449646
9.0,2.0,5.0,,0.7362503083730705,0.0001,16.426977921909373,3.668421149253845
9.0,2.0,6.0,,0.7124600037643515,0.0001,19.65593714748479,3.6703875064849854
9.0,2.0,7.0,,0.7160371834284878,0.0001,22.879649327550123,3.6852837800979614
9.0,2.0,8.0,,0.69121018823536,1e-05,26.096725993208075,3.6797553300857544
9.0,2.0,9.0,,0.7075757575757575,1e-05,29.31750517029194,3.690219283103943
9.0,2.0,10.0,,0.722296842117814,1e-05,32.53303180016335,3.658433437347412
9.0,3.0,1.0,,0.630753778224656,0.0001,3.255497248164153,3.6557981967926025
9.0,3.0,2.0,,0.6960379697466808,0.0001,6.488257637092783,3.6568822860717773
9.0,3.0,3.0,,0.7119600736924835,0.0001,9.708179069340014,3.645756483078003
9.0,3.0,4.0,,0.710669612848489,0.0001,12.922478419348652,3.668999671936035
9.0,3.0,5.0,,0.7312743572365595,0.0001,16.13223725105451,3.6850931644439697
9.0,3.0,6.0,,0.7195660380483421,0.0001,19.334968211418456,3.6565736532211304
9.0,3.0,7.0,,0.7210062147947753,0.0001,22.537502024578274,3.665716052055359
9.0,3.0,8.0,,0.734716309557056,1e-05,25.7300180269923,3.646267890930176
9.0,3.0,9.0,,0.7165217507890737,1e-05,28.930249169415085,3.637045979499817
9.0,3.0,10.0,,0.7349494133132238,1e-05,32.12523393510481,3.6583313941955566
9.0,4.0,1.0,,0.7084260412366483,0.0001,3.2179129475945825,3.6429308652877808
9.0,4.0,2.0,,0.7596136383321739,0.0001,6.417282211028778,3.5966944694519043
9.0,4.0,3.0,,0.8197631790443743,0.0001,9.61420452143695,3.599398136138916
9.0,4.0,4.0,,0.7788813271650801,0.0001,12.808026646708583,3.6006306409835815
9.0,4.0,5.0,,0.8260440678060815,0.0001,16.000770650468432,3.6039758920669556
9.0,4.0,6.0,,0.800304313475669,0.0001,19.187092319694724,3.5958361625671387
9.0,4.0,7.0,,0.8309437775970956,0.0001,22.372346392193357,3.6050132513046265
9.0,4.0,8.0,,0.7593240929339327,1e-05,25.556202116957657,3.600906014442444
9.0,4.0,9.0,,0.8264284829502221,1e-05,28.73950531847842,3.590034604072571
9.0,4.0,10.0,,0.7810765416886699,1e-05,31.923090008142832,3.6049755811691284
9.0,5.0,1.0,,0.7462500663587619,0.0001,3.1899077879415976,3.7117127180099487
9.0,5.0,2.0,,0.7714276730678377,0.0001,6.378475887710984,3.7382595539093018
9.0,5.0,3.0,,0.7788985772681425,0.0001,9.562944505880544,3.717709183692932
9.0,5.0,4.0,,0.7711253319948972,0.0001,12.748529022663563,3.702166438102722
9.0,5.0,5.0,,0.7712989506467768,0.0001,15.928516888403678,3.747725009918213
9.0,5.0,6.0,,0.8112969541135893,0.0001,19.109134813257167,3.717364192008972
9.0,5.0,7.0,,0.8270739557924913,0.0001,22.288629585987813,3.6895058155059814
9.0,5.0,8.0,,0.8208676186937057,1e-05,25.467057281786257,3.6753681898117065
9.0,5.0,9.0,,0.820122227069297,1e-05,28.64435333690128,3.7042834758758545
9.0,5.0,10.0,,0.8263365039357478,1e-05,31.821982371699704,3.6843680143356323
10.0,1.0,1.0,,0.10323810009537354,0.0001,4.19047510025892,4.494409084320068
10.0,1.0,2.0,,0.10614605379706053,0.0001,8.086830283487123,4.317483186721802
10.0,1.0,3.0,,0.14716664658323775,0.0001,11.81446318562613,4.147879362106323
10.0,1.0,4.0,,0.16460204245059715,0.0001,15.424284126447594,4.014684438705444
10.0,1.0,5.0,,0.21953395844475698,0.0001,18.95391784703054,3.9525091648101807
10.0,1.0,6.0,,0.2880402069308505,0.0001,22.43066855577322,3.896985173225403
10.0,1.0,7.0,,0.4089064503140801,0.0001,25.865596504913125,3.888357996940613
10.0,1.0,8.0,,0.3929950131043073,1e-05,29.28224035569258,3.8947649002075195
10.0,1.0,9.0,,0.4221766302303215,1e-05,32.69789041165125,3.8803194761276245
10.0,1.0,10.0,,0.43360235534223107,1e-05,36.107884320925706,3.8723232746124268
10.0,2.0,1.0,,0.49001147380636584,0.0001,3.4403082200117336,3.8938199281692505
10.0,2.0,2.0,,0.5437460277882495,0.0001,6.830425202647181,3.8305100202560425
10.0,2.0,3.0,,0.5892972631030271,0.0001,10.196221553362333,3.8207061290740967
10.0,2.0,4.0,,0.6358192654679033,0.0001,13.538635506677787,3.8046716451644897
10.0,2.0,5.0,,0.641261657805282,0.0001,16.87246570060883,3.8000868558883667
10.0,2.0,6.0,,0.6166886318622531,0.0001,20.192339632423426,3.8065468072891235
10.0,2.0,7.0,,0.705411100940118,0.0001,23.502305115345727,3.7994964122772217
10.0,2.0,8.0,,0.6204718738295525,1e-05,26.80724236797728,3.7989144325256348
10.0,2.0,9.0,,0.626366308166545,1e-05,30.113139597468553,3.8326202630996704
10.0,2.0,10.0,,0.6831481790264983,1e-05,33.42225342849425,3.782323956489563
10.0,3.0,1.0,,0.6915043377674959,0.0001,3.3279385319521593,3.7559854984283447
10.0,3.0,2.0,,0.6650257372486476,0.0001,6.637468090025478,3.7659369707107544
10.0,3.0,3.0,,0.7094179676532618,0.0001,9.937014005654632,3.770578384399414
10.0,3.0,4.0,,0.7269748730801362,0.0001,13.233874076186215,3.7623374462127686
10.0,3.0,5.0,,0.7369571097976672,0.0001,16.52373008345282,3.786138892173767
10.0,3.0,6.0,,0.7305956749362323,0.0001,19.813295134732556,3.7507015466690063
10.0,3.0,7.0,,0.7479533799533801,0.0001,23.09875514834222,3.7561533451080322
10.0,3.0,8.0,,0.7232861952861953,1e-05,26.38441186525351,3.764586925506592
10.0,3.0,9.0,,0.7223922245226593,1e-05,29.669543832440837,3.7593921422958374
10.0,3.0,10.0,,0.7447226107226107,1e-05,32.95225294776585,3.74422025680542
10.0,4.0,1.0,,0.6723191950392898,0.0001,3.2981245553553205,3.7644490003585815
10.0,4.0,2.0,,0.6834509969797855,0.0001,6.586275964428069,3.761383295059204
10.0,4.0,3.0,,0.7612310574016062,0.0001,9.869644098170413,3.7599517107009888
10.0,4.0,4.0,,0.745187288475879,0.0001,13.150809450420194,3.7948381900787354
10.0,4.0,5.0,,0.7642206512617092,0.0001,16.428073539160728,3.7687982320785522
10.0,4.0,6.0,,0.7066666617194388,0.0001,19.705220564776948,3.8037359714508057
10.0,4.0,7.0,,0.6978497863292261,0.0001,22.98745288992167,3.827579140663147
10.0,4.0,8.0,,0.7726453998531002,1e-05,26.263798397252078,3.763904333114624
10.0,4.0,9.0,,0.7259570247503216,1e-05,29.53918905250218,3.7686002254486084
10.0,4.0,10.0,,0.7865910964109482,1e-05,32.817836927054124,3.7756067514419556
10.0,5.0,1.0,,0.674391837414718,0.0001,3.286421684669533,3.8289101123809814
10.0,5.0,2.0,,0.6797028288639027,0.0001,6.56391552135423,3.820334315299988
10.0,5.0,3.0,,0.6651019003367997,0.0001,9.838111134721759,3.827494978904724
10.0,5.0,4.0,,0.7065544338540785,0.0001,13.115803756379524,3.8232709169387817
10.0,5.0,5.0,,0.6758281982183011,0.0001,16.38958605183584,3.848060727119446
10.0,5.0,6.0,,0.7002124339668754,0.0001,19.660260975858407,3.8566993474960327
10.0,5.0,7.0,,0.745144496684173,0.0001,22.931767814346465,3.827879786491394
10.0,5.0,8.0,,0.7653354875662521,1e-05,26.20568314219556,3.823834776878357
10.0,5.0,9.0,,0.7582401193139447,1e-05,29.477004420180155,3.8245091438293457
10.0,5.0,10.0,,0.7392399546761962,1e-05,32.74908034351712,3.827417254447937
